# Apple ModelIO OBJ File: Palmera_platano
mtllib Palmera_platano.mtl
g Cylinder.011
v -0.330742 7.94103 -0.518154
v -0.330742 7.94103 -0.76158
v -0.128254 7.99454 -0.690282
v -0.579833 8.88367 -0.518154
v -0.168979 8.99224 -0.867408
v -0.579833 8.88367 -1.01207
v -0.04438 8.01671 -0.518154
v 0.001202 9.03721 -0.518154
v -0.128254 7.99454 -0.346025
v -0.168979 8.99224 -0.1689
v -0.330742 7.94103 -0.274727
v -0.579833 8.88367 -0.024234
v -0.53323 7.88753 -0.346025
v -0.990687 8.77511 -0.1689
v -0.617103 7.86537 -0.518154
v -1.16087 8.73014 -0.518154
v -0.53323 7.88753 -0.690282
v -0.990687 8.77511 -0.867408
v 0.296813 -1.2607 -0.425858
v 0.296813 -1.2607 -0.669284
v 0.506252 -1.26069 -0.597986
v 0.296813 -0.285702 -0.425858
v 0.72177 -0.285701 -0.775111
v 0.296813 -0.285702 -0.919777
v 0.593004 -1.2607 -0.425858
v 0.897793 -0.285701 -0.425858
v 0.506252 -1.26069 -0.253729
v 0.72177 -0.285701 -0.076604
v 0.296813 -1.2607 -0.182431
v 0.296813 -0.285702 0.068062
v 0.087375 -1.2607 -0.253729
v -0.128143 -0.285701 -0.076604
v 0.000623 -1.2607 -0.425858
v -0.304166 -0.285701 -0.425858
v 0.087375 -1.2607 -0.597986
v -0.128143 -0.285701 -0.775111
v 0.30603 -0.303322 -0.44688
v 0.30603 -0.303322 -0.690306
v 0.515468 -0.303321 -0.619008
v 0.306029 0.671674 -0.44688
v 0.730986 0.671674 -0.796134
v 0.306029 0.671674 -0.940799
v 0.60222 -0.303321 -0.44688
v 0.907009 0.671673 -0.44688
v 0.515468 -0.303321 -0.274751
v 0.730986 0.671674 -0.097626
v 0.30603 -0.303322 -0.203453
v 0.306029 0.671674 0.04704
v 0.096591 -0.303321 -0.274751
v -0.118927 0.671673 -0.097626
v 0.009839 -0.303321 -0.44688
v -0.29495 0.671673 -0.44688
v 0.096591 -0.303321 -0.619008
v -0.118927 0.671673 -0.796134
v 0.281357 0.51093 -0.457306
v 0.281357 0.51093 -0.700732
v 0.490795 0.51093 -0.629434
v 0.281357 1.48592 -0.457306
v 0.706314 1.48592 -0.80656
v 0.281357 1.48592 -0.951225
v 0.577548 0.51093 -0.457306
v 0.882336 1.48592 -0.457306
v 0.490795 0.51093 -0.285177
v 0.706314 1.48592 -0.108052
v 0.281357 0.51093 -0.213879
v 0.281357 1.48592 0.036614
v 0.071919 0.51093 -0.285177
v -0.143599 1.48592 -0.108052
v -0.014834 0.51093 -0.457306
v -0.319622 1.48592 -0.457306
v 0.071919 0.51093 -0.629434
v -0.143599 1.48592 -0.80656
v 0.275878 1.49827 -0.45363
v 0.275878 1.49827 -0.697057
v 0.485317 1.49827 -0.625759
v 0.275878 2.47326 -0.45363
v 0.700835 2.47326 -0.802884
v 0.275878 2.47326 -0.94755
v 0.572069 1.49827 -0.45363
v 0.876858 2.47326 -0.45363
v 0.485317 1.49827 -0.281502
v 0.700835 2.47326 -0.104376
v 0.275878 1.49827 -0.210204
v 0.275878 2.47326 0.040289
v 0.06644 1.49827 -0.281502
v -0.149078 2.47326 -0.104376
v -0.020312 1.49827 -0.45363
v -0.325101 2.47326 -0.45363
v 0.06644 1.49827 -0.625759
v -0.149078 2.47326 -0.802884
v 0.234565 2.41379 -0.45627
v 0.234565 2.41379 -0.699697
v 0.444004 2.41379 -0.628399
v 0.234566 3.38879 -0.45627
v 0.659522 3.38879 -0.805524
v 0.234566 3.38879 -0.95019
v 0.530756 2.41379 -0.45627
v 0.835545 3.38879 -0.45627
v 0.444004 2.41379 -0.284142
v 0.659522 3.38879 -0.107017
v 0.234565 2.41379 -0.212844
v 0.234566 3.38879 0.037649
v 0.025127 2.41379 -0.284142
v -0.190391 3.38879 -0.107017
v -0.061625 2.41379 -0.45627
v -0.366414 3.38879 -0.45627
v 0.025127 2.41379 -0.628399
v -0.190391 3.38879 -0.805524
v 0.229385 3.34728 -0.460193
v 0.229385 3.34728 -0.703619
v 0.438824 3.34728 -0.632321
v 0.229385 4.32227 -0.460193
v 0.654342 4.32227 -0.809447
v 0.229385 4.32227 -0.954112
v 0.525576 3.34728 -0.460193
v 0.830365 4.32227 -0.460193
v 0.438824 3.34728 -0.288064
v 0.654342 4.32227 -0.110939
v 0.229385 3.34728 -0.216766
v 0.229385 4.32227 0.033727
v 0.019947 3.34728 -0.288064
v -0.195571 4.32227 -0.110939
v -0.066805 3.34728 -0.460193
v -0.371594 4.32227 -0.460193
v 0.019947 3.34728 -0.632321
v -0.195571 4.32227 -0.809447
v 0.223252 4.32204 -0.46274
v 0.223252 4.32204 -0.706166
v 0.431034 4.34833 -0.634868
v 0.100854 5.28932 -0.46274
v 0.522449 5.34267 -0.811994
v 0.100854 5.28932 -0.956659
v 0.5171 4.35922 -0.46274
v 0.697079 5.36476 -0.46274
v 0.431034 4.34833 -0.290611
v 0.522449 5.34267 -0.113486
v 0.223252 4.32204 -0.219313
v 0.100854 5.28932 0.03118
v 0.015471 4.29574 -0.290611
v -0.32074 5.23597 -0.113486
v -0.070595 4.28485 -0.46274
v -0.495371 5.21387 -0.46274
v 0.015471 4.29574 -0.634868
v -0.32074 5.23597 -0.811994
v 0.205798 5.26144 -0.487069
v 0.205798 5.26144 -0.730495
v 0.413579 5.28773 -0.659197
v 0.0834 6.22872 -0.487069
v 0.504995 6.28207 -0.836323
v 0.0834 6.22872 -0.980988
v 0.499645 5.29862 -0.487069
v 0.679625 6.30417 -0.487069
v 0.413579 5.28773 -0.31494
v 0.504995 6.28207 -0.137815
v 0.205798 5.26144 -0.243642
v 0.0834 6.22872 0.006851
v -0.001984 5.23515 -0.31494
v -0.338195 6.17537 -0.137815
v -0.088049 5.22426 -0.487069
v -0.512825 6.15328 -0.487069
v -0.001984 5.23515 -0.659197
v -0.338195 6.17537 -0.836323
v 0.136816 6.23215 -0.486706
v 0.136816 6.23215 -0.730132
v 0.339304 6.28566 -0.658834
v -0.112275 7.17479 -0.486706
v 0.298579 7.28336 -0.835959
v -0.112275 7.17479 -0.980625
v 0.423177 6.30782 -0.486706
v 0.46876 7.32833 -0.486706
v 0.339304 6.28566 -0.314577
v 0.298579 7.28336 -0.137452
v 0.136816 6.23215 -0.243279
v -0.112275 7.17479 0.007214
v -0.065672 6.17864 -0.314577
v -0.523129 7.06622 -0.137452
v -0.149545 6.15648 -0.486706
v -0.693311 7.02125 -0.486706
v -0.065672 6.17864 -0.658834
v -0.523129 7.06622 -0.835959
v -0.098863 7.16011 -0.507728
v -0.098863 7.16011 -0.751154
v 0.103625 7.21361 -0.679856
v -0.347955 8.10275 -0.507728
v 0.062899 8.21132 -0.856982
v -0.347955 8.10275 -1.00165
v 0.187498 7.23578 -0.507728
v 0.233081 8.25629 -0.507728
v 0.103625 7.21361 -0.335599
v 0.062899 8.21132 -0.158474
v -0.098863 7.16011 -0.264301
v -0.347955 8.10275 -0.013808
v -0.301351 7.1066 -0.335599
v -0.758809 7.99418 -0.158474
v -0.385225 7.08444 -0.507728
v -0.92899 7.94921 -0.507728
v -0.301351 7.1066 -0.679856
v -0.758809 7.99418 -0.856982
vn 0.2555 -0.9668 -0
vn -0.2555 0.9668 -0
vn 0.3631 -0.1485 -0.9198
vn 0.9003 -0.0402 -0.4335
vn 0.9003 -0.0402 0.4335
vn 0.3631 -0.1485 0.9198
vn -0.2424 -0.3085 0.9198
vn -0.7629 -0.4797 0.4335
vn -0.7629 -0.4797 -0.4335
vn -0.2424 -0.3085 -0.9198
vn -0 -1 -0
vn -0 1 -0
vn 0.3131 -0.2363 -0.9198
vn 0.8601 -0.2689 -0.4335
vn 0.8601 -0.2689 0.4335
vn 0.3131 -0.2363 0.9198
vn -0.3131 -0.2363 0.9198
vn -0.8601 -0.2689 0.4335
vn -0.8601 -0.2689 -0.4335
vn -0.3131 -0.2363 -0.9198
vn 0.1255 -0.9921 -0
vn -0.1255 0.9921 -0
vn 0.3403 -0.1951 -0.9198
vn 0.8871 -0.1588 -0.4335
vn 0.8871 -0.1588 0.4335
vn 0.3403 -0.1951 0.9198
vn -0.281 -0.2738 0.9198
vn -0.8196 -0.3747 0.4335
vn -0.8196 -0.3747 -0.4335
vn -0.281 -0.2738 -0.9198
vt 0.909862 0.902044
vt 0.912334 0.908095
vt 0.90739 0.908047
vt 0.084189 0.813722
vt 0.089205 0.825903
vt 0.079172 0.826
vt 0.275495 0.852127
vt 0.275887 0.829617
vt 0.280447 0.852797
vt 0.285934 0.830978
vt 0.903893 0.904482
vt 0.096299 0.818671
vt 0.827786 0.168436
vt 0.807173 0.174487
vt 0.826302 0.164978
vt 0.804163 0.167469
vt 0.903893 0.899489
vt 0.096299 0.80854
vt 0.804163 0.157321
vt 0.826302 0.159976
vt 0.90739 0.895993
vt 0.089205 0.801445
vt 0.807173 0.149988
vt 0.827786 0.156362
vt 0.912334 0.896041
vt 0.079172 0.801542
vt 0.13703 0.866248
vt 0.132482 0.844213
vt 0.142011 0.865816
vt 0.142589 0.843336
vt 0.915831 0.899605
vt 0.072078 0.808774
vt 0.150114 0.844213
vt 0.145719 0.866248
vt 0.915831 0.904598
vt 0.072078 0.818905
vt 0.847417 0.878519
vt 0.84488 0.856385
vt 0.85242 0.878519
vt 0.855031 0.856385
vt 0.271675 0.852797
vt 0.268135 0.830978
vt 0.550209 0.817722
vt 0.552701 0.811679
vt 0.556226 0.815204
vt 0.768551 0.809919
vt 0.773607 0.822149
vt 0.763494 0.82218
vt 0.538937 0.866174
vt 0.534154 0.844158
vt 0.543914 0.865681
vt 0.544253 0.843158
vt 0.556226 0.820204
vt 0.780759 0.814954
vt 0.551705 0.844158
vt 0.547587 0.866174
vt 0.552701 0.82375
vt 0.780759 0.80481
vt 0.178314 0.762938
vt 0.175752 0.740626
vt 0.183316 0.762938
vt 0.185903 0.740626
vt 0.547717 0.823765
vt 0.773607 0.797658
vt 0.848484 0.635796
vt 0.84488 0.61391
vt 0.852462 0.612634
vt 0.852221 0.635167
vt 0.544192 0.820241
vt 0.763494 0.797689
vt 0.862529 0.61391
vt 0.857182 0.635796
vt 0.544192 0.815241
vt 0.756343 0.804885
vt 0.574158 0.811249
vt 0.595167 0.805107
vt 0.597741 0.812194
vt 0.575426 0.814742
vt 0.547717 0.811695
vt 0.756343 0.815029
vt 0.575426 0.819745
vt 0.597741 0.822344
vt 0.574158 0.823326
vt 0.595167 0.829611
vt 0.891484 0.287839
vt 0.893976 0.281796
vt 0.897501 0.285321
vt 0.811796 0.532262
vt 0.799589 0.527152
vt 0.80674 0.520001
vt 0.850042 0.173004
vt 0.845259 0.150988
vt 0.85502 0.172511
vt 0.855359 0.149988
vt 0.897501 0.290321
vt 0.799589 0.537297
vt 0.858692 0.173004
vt 0.86281 0.150988
vt 0.893976 0.293867
vt 0.80674 0.544492
vt 0.855392 0.070836
vt 0.85283 0.048523
vt 0.862981 0.048523
vt 0.860395 0.070836
vt 0.888992 0.293882
vt 0.816853 0.544523
vt 0.848484 0.67643
vt 0.84488 0.654545
vt 0.852462 0.653269
vt 0.852221 0.675802
vt 0.885468 0.290358
vt 0.824004 0.537372
vt 0.857183 0.67643
vt 0.862529 0.654545
vt 0.885468 0.285358
vt 0.824004 0.527227
vt 0.808603 0.209184
vt 0.829612 0.203042
vt 0.832186 0.210129
vt 0.809872 0.212677
vt 0.888992 0.281812
vt 0.816853 0.520032
vt 0.832186 0.220279
vt 0.809872 0.21768
vt 0.829612 0.227547
vt 0.808603 0.221261
vt 0.850897 0.902036
vt 0.853389 0.908078
vt 0.848405 0.908063
vt 0.21604 0.797583
vt 0.203833 0.792473
vt 0.210984 0.785322
vt 0.849898 0.442255
vt 0.845115 0.420239
vt 0.855215 0.419239
vt 0.854876 0.441762
vt 0.84488 0.904517
vt 0.203833 0.802618
vt 0.858548 0.442255
vt 0.862666 0.420239
vt 0.84488 0.899517
vt 0.210984 0.809813
vt 0.852221 0.339549
vt 0.84966 0.317237
vt 0.85981 0.317237
vt 0.857224 0.339549
vt 0.848404 0.895993
vt 0.221097 0.809844
vt 0.848484 0.595161
vt 0.84488 0.573275
vt 0.852221 0.594532
vt 0.852462 0.572
vt 0.853389 0.896008
vt 0.228248 0.802693
vt 0.857182 0.595161
vt 0.862529 0.573275
vt 0.856913 0.899554
vt 0.228248 0.792548
vt 0.808603 0.251162
vt 0.829612 0.24502
vt 0.809872 0.254655
vt 0.832186 0.252107
vt 0.856913 0.904554
vt 0.221097 0.785353
vt 0.832186 0.262257
vt 0.809872 0.259657
vt 0.808603 0.263239
vt 0.829612 0.269524
vt 0.880403 0.902036
vt 0.882895 0.908078
vt 0.877911 0.908063
vt 0.774481 0.162249
vt 0.779538 0.174479
vt 0.769425 0.17451
vt 0.849898 0.482745
vt 0.845115 0.460729
vt 0.854876 0.482252
vt 0.855215 0.459729
vt 0.874387 0.904517
vt 0.786689 0.167284
vt 0.862666 0.460729
vt 0.858548 0.482745
vt 0.874387 0.899517
vt 0.786689 0.157139
vt 0.546754 0.794206
vt 0.544192 0.771893
vt 0.551757 0.794206
vt 0.554343 0.771893
vt 0.877911 0.895993
vt 0.779538 0.149988
vt 0.848484 0.757699
vt 0.84488 0.735814
vt 0.852221 0.757071
vt 0.852462 0.734538
vt 0.882895 0.896008
vt 0.769425 0.150019
vt 0.862529 0.735814
vt 0.857182 0.757699
vt 0.88642 0.899554
vt 0.762274 0.157214
vt 0.808603 0.335118
vt 0.829612 0.328976
vt 0.832186 0.336063
vt 0.809872 0.338611
vt 0.88642 0.904554
vt 0.762274 0.167359
vt 0.809872 0.343613
vt 0.832186 0.346213
vt 0.829612 0.35348
vt 0.808603 0.347195
vt 0.769094 0.350336
vt 0.771586 0.344293
vt 0.77511 0.347818
vt 0.511337 0.813423
vt 0.516393 0.825653
vt 0.50628 0.825684
vt 0.849898 0.401766
vt 0.845115 0.379749
vt 0.854875 0.401273
vt 0.855214 0.37875
vt 0.77511 0.352818
vt 0.523545 0.818458
vt 0.862666 0.37975
vt 0.858548 0.401766
vt 0.771586 0.356364
vt 0.523545 0.808314
vt 0.855392 0.031049
vt 0.85283 0.008737
vt 0.860394 0.031049
vt 0.862981 0.008737
vt 0.766601 0.356379
vt 0.516393 0.801162
vt 0.848484 0.717065
vt 0.84488 0.695179
vt 0.852462 0.693904
vt 0.852221 0.716436
vt 0.763077 0.352855
vt 0.50628 0.801193
vt 0.857182 0.717065
vt 0.862529 0.695179
vt 0.763077 0.347855
vt 0.499129 0.808389
vt 0.808603 0.29314
vt 0.829612 0.286998
vt 0.832186 0.294085
vt 0.809872 0.296633
vt 0.766601 0.344309
vt 0.499129 0.818533
vt 0.809872 0.301635
vt 0.832186 0.304235
vt 0.829612 0.311502
vt 0.808603 0.305217
vt 0.364096 0.904487
vt 0.366588 0.91053
vt 0.361603 0.910515
vt 0.280343 0.799882
vt 0.268135 0.794773
vt 0.275286 0.787621
vt 0.503912 0.866174
vt 0.499129 0.844158
vt 0.509229 0.843158
vt 0.50889 0.865681
vt 0.358079 0.906969
vt 0.268135 0.804917
vt 0.512562 0.866174
vt 0.51668 0.844158
vt 0.358079 0.901969
vt 0.275286 0.812112
vt 0.178314 0.802724
vt 0.175752 0.780412
vt 0.185903 0.780412
vt 0.183316 0.802724
vt 0.361603 0.898445
vt 0.2854 0.812144
vt 0.845082 0.543162
vt 0.841478 0.521276
vt 0.84906 0.520001
vt 0.848819 0.542533
vt 0.366588 0.89846
vt 0.292551 0.804992
vt 0.85378 0.543162
vt 0.859126 0.521276
vt 0.370112 0.902006
vt 0.292551 0.794848
vt 0.710798 0.810749
vt 0.731807 0.804606
vt 0.734381 0.811693
vt 0.712067 0.814242
vt 0.370112 0.907006
vt 0.2854 0.787652
vt 0.712067 0.819244
vt 0.734381 0.821844
vt 0.710798 0.822826
vt 0.731807 0.829111
vt 0.716249 0.548436
vt 0.718749 0.542396
vt 0.722285 0.545932
vt 0.21608 0.755594
vt 0.221153 0.767845
vt 0.211007 0.767849
vt 0.852241 0.797715
vt 0.852324 0.775173
vt 0.857208 0.798305
vt 0.862403 0.77637
vt 0.722285 0.550935
vt 0.228328 0.760665
vt 0.227302 0.845633
vt 0.206029 0.851824
vt 0.203833 0.844685
vt 0.226219 0.842115
vt 0.718749 0.554473
vt 0.228328 0.750515
vt 0.226219 0.837112
vt 0.203833 0.834535
vt 0.713749 0.554475
vt 0.221153 0.74334
vt 0.206029 0.827318
vt 0.227302 0.833556
vt 0.710213 0.550939
vt 0.211007 0.743344
vt 0.077068 0.866557
vt 0.072078 0.844575
vt 0.082041 0.866015
vt 0.082169 0.843474
vt 0.710213 0.545937
vt 0.203833 0.750524
vt 0.089551 0.844574
vt 0.085679 0.866557
vt 0.713749 0.542398
vt 0.203833 0.760674
vt 0.362513 0.700034
vt 0.35994 0.677648
vt 0.367516 0.700034
vt 0.370091 0.677648
vt 0.848572 0.798305
vt 0.84488 0.77637
vt 0.722765 0.178254
vt 0.725265 0.172215
vt 0.728801 0.175751
vt 0.280383 0.757894
vt 0.268135 0.752814
vt 0.27531 0.745639
vt 0.852241 0.838321
vt 0.852324 0.815779
vt 0.857208 0.838911
vt 0.862403 0.816976
vt 0.728801 0.180753
vt 0.268135 0.762964
vt 0.643495 0.846807
vt 0.622223 0.852998
vt 0.620026 0.845859
vt 0.642412 0.843289
vt 0.725265 0.184292
vt 0.27531 0.770144
vt 0.642412 0.838287
vt 0.620026 0.835709
vt 0.720265 0.184294
vt 0.285456 0.770148
vt 0.622223 0.828492
vt 0.643495 0.83473
vt 0.716729 0.180758
vt 0.292631 0.762973
vt 0.854649 0.226126
vt 0.84966 0.204143
vt 0.859622 0.225583
vt 0.859751 0.203042
vt 0.716729 0.175755
vt 0.292631 0.752823
vt 0.867133 0.204143
vt 0.863261 0.226126
vt 0.720265 0.172217
vt 0.285456 0.745643
vt 0.546766 0.75442
vt 0.544192 0.732034
vt 0.551768 0.75442
vt 0.554343 0.732034
vt 0.848572 0.838911
vt 0.84488 0.816976
vt 0.910484 0.423997
vt 0.912956 0.430048
vt 0.908012 0.43
vt 0.144593 0.813585
vt 0.132482 0.808403
vt 0.139577 0.801308
vt 0.321532 0.851776
vt 0.321924 0.829266
vt 0.331971 0.830628
vt 0.326484 0.852447
vt 0.904515 0.426435
vt 0.132482 0.818533
vt 0.03236 0.821068
vt 0.011747 0.827119
vt 0.008737 0.820101
vt 0.030876 0.817609
vt 0.904515 0.421442
vt 0.139577 0.825766
vt 0.030876 0.812608
vt 0.008737 0.809953
vt 0.908012 0.417946
vt 0.149609 0.825863
vt 0.03236 0.808994
vt 0.011747 0.802619
vt 0.912956 0.417994
vt 0.156704 0.818768
vt 0.172134 0.866248
vt 0.167587 0.844213
vt 0.177694 0.843336
vt 0.177116 0.865816
vt 0.916453 0.421558
vt 0.156704 0.808637
vt 0.185218 0.844213
vt 0.180824 0.866248
vt 0.916453 0.426551
vt 0.149609 0.801405
vt 0.855367 0.110443
vt 0.85283 0.088309
vt 0.86037 0.110443
vt 0.86298 0.088309
vt 0.317712 0.852447
vt 0.314172 0.830628
vt 0.910484 0.453572
vt 0.912956 0.447521
vt 0.916453 0.451018
vt 0.406928 0.813574
vt 0.411945 0.825754
vt 0.401912 0.825852
vt 0.462583 0.852727
vt 0.462974 0.830217
vt 0.473021 0.831578
vt 0.467534 0.853398
vt 0.916453 0.456011
vt 0.419039 0.818522
vt 0.688553 0.8225
vt 0.66794 0.828551
vt 0.687069 0.819041
vt 0.66493 0.821533
vt 0.912956 0.459575
vt 0.419039 0.808391
vt 0.66493 0.811385
vt 0.687069 0.81404
vt 0.908012 0.459623
vt 0.411945 0.801296
vt 0.688553 0.810426
vt 0.66794 0.804052
vt 0.904515 0.456126
vt 0.401912 0.801394
vt 0.399365 0.866237
vt 0.394818 0.844202
vt 0.404346 0.865805
vt 0.404925 0.843325
vt 0.904515 0.451133
vt 0.394818 0.808626
vt 0.412449 0.844202
vt 0.408055 0.866237
vt 0.908012 0.447569
vt 0.394818 0.818757
vt 0.360616 0.880971
vt 0.358079 0.858837
vt 0.368229 0.858837
vt 0.365619 0.880971
vt 0.458762 0.853398
vt 0.455222 0.831578
usemtl 
f 1/1/1 2/2/1 3/3/1
f 4/4/2 5/5/2 6/6/2
f 2/7/3 6/8/3 3/9/3
f 6/8/3 5/10/3 3/9/3
f 1/1/1 3/3/1 7/11/1
f 4/4/2 8/12/2 5/5/2
f 3/13/4 5/14/4 7/15/4
f 5/14/4 8/16/4 7/15/4
f 1/1/1 7/11/1 9/17/1
f 4/4/2 10/18/2 8/12/2
f 7/15/5 8/16/5 10/19/5
f 7/15/5 10/19/5 9/20/5
f 1/1/1 9/17/1 11/21/1
f 4/4/2 12/22/2 10/18/2
f 9/20/6 10/19/6 12/23/6
f 9/20/6 12/23/6 11/24/6
f 1/1/1 11/21/1 13/25/1
f 4/4/2 14/26/2 12/22/2
f 11/27/7 12/28/7 13/29/7
f 12/28/7 14/30/7 13/29/7
f 1/1/1 13/25/1 15/31/1
f 4/4/2 16/32/2 14/26/2
f 13/29/8 14/30/8 16/33/8
f 13/29/8 16/33/8 15/34/8
f 1/1/1 15/31/1 17/35/1
f 4/4/2 18/36/2 16/32/2
f 15/37/9 16/38/9 17/39/9
f 16/38/9 18/40/9 17/39/9
f 1/1/1 17/35/1 2/2/1
f 4/4/2 6/6/2 18/36/2
f 17/41/10 18/42/10 6/8/10
f 17/41/10 6/8/10 2/7/10
f 19/43/11 20/44/11 21/45/11
f 22/46/12 23/47/12 24/48/12
f 20/49/13 24/50/13 21/51/13
f 24/50/13 23/52/13 21/51/13
f 19/43/11 21/45/11 25/53/11
f 22/46/12 26/54/12 23/47/12
f 21/51/14 23/52/14 26/55/14
f 21/51/14 26/55/14 25/56/14
f 19/43/11 25/53/11 27/57/11
f 22/46/12 28/58/12 26/54/12
f 25/59/15 26/60/15 27/61/15
f 26/60/15 28/62/15 27/61/15
f 19/43/11 27/57/11 29/63/11
f 22/46/12 30/64/12 28/58/12
f 27/65/16 28/66/16 30/67/16
f 27/65/16 30/67/16 29/68/16
f 19/43/11 29/63/11 31/69/11
f 22/46/12 32/70/12 30/64/12
f 29/68/17 30/67/17 32/71/17
f 29/68/17 32/71/17 31/72/17
f 19/43/11 31/69/11 33/73/11
f 22/46/12 34/74/12 32/70/12
f 31/75/18 32/76/18 34/77/18
f 31/75/18 34/77/18 33/78/18
f 19/43/11 33/73/11 35/79/11
f 22/46/12 36/80/12 34/74/12
f 33/78/19 34/77/19 35/81/19
f 34/77/19 36/82/19 35/81/19
f 19/43/11 35/79/11 20/44/11
f 22/46/12 24/48/12 36/80/12
f 35/81/20 36/82/20 20/83/20
f 36/82/20 24/84/20 20/83/20
f 37/85/11 38/86/11 39/87/11
f 40/88/12 41/89/12 42/90/12
f 38/91/13 42/92/13 39/93/13
f 42/92/13 41/94/13 39/93/13
f 37/85/11 39/87/11 43/95/11
f 40/88/12 44/96/12 41/89/12
f 39/93/14 41/94/14 43/97/14
f 41/94/14 44/98/14 43/97/14
f 37/85/11 43/95/11 45/99/11
f 40/88/12 46/100/12 44/96/12
f 43/101/15 44/102/15 46/103/15
f 43/101/15 46/103/15 45/104/15
f 37/85/11 45/99/11 47/105/11
f 40/88/12 48/106/12 46/100/12
f 45/107/16 46/108/16 48/109/16
f 45/107/16 48/109/16 47/110/16
f 37/85/11 47/105/11 49/111/11
f 40/88/12 50/112/12 48/106/12
f 47/110/17 48/109/17 49/113/17
f 48/109/17 50/114/17 49/113/17
f 37/85/11 49/111/11 51/115/11
f 40/88/12 52/116/12 50/112/12
f 49/117/18 50/118/18 52/119/18
f 49/117/18 52/119/18 51/120/18
f 37/85/11 51/115/11 53/121/11
f 40/88/12 54/122/12 52/116/12
f 51/120/19 52/119/19 54/123/19
f 51/120/19 54/123/19 53/124/19
f 37/85/11 53/121/11 38/86/11
f 40/88/12 42/90/12 54/122/12
f 53/124/20 54/123/20 42/125/20
f 53/124/20 42/125/20 38/126/20
f 55/127/11 56/128/11 57/129/11
f 58/130/12 59/131/12 60/132/12
f 56/133/13 60/134/13 59/135/13
f 56/133/13 59/135/13 57/136/13
f 55/127/11 57/129/11 61/137/11
f 58/130/12 62/138/12 59/131/12
f 57/136/14 59/135/14 61/139/14
f 59/135/14 62/140/14 61/139/14
f 55/127/11 61/137/11 63/141/11
f 58/130/12 64/142/12 62/138/12
f 61/143/15 62/144/15 64/145/15
f 61/143/15 64/145/15 63/146/15
f 55/127/11 63/141/11 65/147/11
f 58/130/12 66/148/12 64/142/12
f 63/149/16 64/150/16 65/151/16
f 64/150/16 66/152/16 65/151/16
f 55/127/11 65/147/11 67/153/11
f 58/130/12 68/154/12 66/148/12
f 65/151/17 66/152/17 67/155/17
f 66/152/17 68/156/17 67/155/17
f 55/127/11 67/153/11 69/157/11
f 58/130/12 70/158/12 68/154/12
f 67/159/18 68/160/18 69/161/18
f 68/160/18 70/162/18 69/161/18
f 55/127/11 69/157/11 71/163/11
f 58/130/12 72/164/12 70/158/12
f 69/161/19 70/162/19 72/165/19
f 69/161/19 72/165/19 71/166/19
f 55/127/11 71/163/11 56/128/11
f 58/130/12 60/132/12 72/164/12
f 71/166/20 72/165/20 56/167/20
f 72/165/20 60/168/20 56/167/20
f 73/169/11 74/170/11 75/171/11
f 76/172/12 77/173/12 78/174/12
f 74/175/13 78/176/13 75/177/13
f 78/176/13 77/178/13 75/177/13
f 73/169/11 75/171/11 79/179/11
f 76/172/12 80/180/12 77/173/12
f 75/177/14 77/178/14 80/181/14
f 75/177/14 80/181/14 79/182/14
f 73/169/11 79/179/11 81/183/11
f 76/172/12 82/184/12 80/180/12
f 79/185/15 80/186/15 81/187/15
f 80/186/15 82/188/15 81/187/15
f 73/169/11 81/183/11 83/189/11
f 76/172/12 84/190/12 82/184/12
f 81/191/16 82/192/16 83/193/16
f 82/192/16 84/194/16 83/193/16
f 73/169/11 83/189/11 85/195/11
f 76/172/12 86/196/12 84/190/12
f 83/193/17 84/194/17 86/197/17
f 83/193/17 86/197/17 85/198/17
f 73/169/11 85/195/11 87/199/11
f 76/172/12 88/200/12 86/196/12
f 85/201/18 86/202/18 88/203/18
f 85/201/18 88/203/18 87/204/18
f 73/169/11 87/199/11 89/205/11
f 76/172/12 90/206/12 88/200/12
f 87/204/19 88/203/19 89/207/19
f 88/203/19 90/208/19 89/207/19
f 73/169/11 89/205/11 74/170/11
f 76/172/12 78/174/12 90/206/12
f 89/207/20 90/208/20 78/209/20
f 89/207/20 78/209/20 74/210/20
f 91/211/11 92/212/11 93/213/11
f 94/214/12 95/215/12 96/216/12
f 92/217/13 96/218/13 93/219/13
f 96/218/13 95/220/13 93/219/13
f 91/211/11 93/213/11 97/221/11
f 94/214/12 98/222/12 95/215/12
f 93/219/14 95/220/14 98/223/14
f 93/219/14 98/223/14 97/224/14
f 91/211/11 97/221/11 99/225/11
f 94/214/12 100/226/12 98/222/12
f 97/227/15 98/228/15 99/229/15
f 98/228/15 100/230/15 99/229/15
f 91/211/11 99/225/11 101/231/11
f 94/214/12 102/232/12 100/226/12
f 99/233/16 100/234/16 102/235/16
f 99/233/16 102/235/16 101/236/16
f 91/211/11 101/231/11 103/237/11
f 94/214/12 104/238/12 102/232/12
f 101/236/17 102/235/17 103/239/17
f 102/235/17 104/240/17 103/239/17
f 91/211/11 103/237/11 105/241/11
f 94/214/12 106/242/12 104/238/12
f 103/243/18 104/244/18 106/245/18
f 103/243/18 106/245/18 105/246/18
f 91/211/11 105/241/11 107/247/11
f 94/214/12 108/248/12 106/242/12
f 105/246/19 106/245/19 107/249/19
f 106/245/19 108/250/19 107/249/19
f 91/211/11 107/247/11 92/212/11
f 94/214/12 96/216/12 108/248/12
f 107/249/20 108/250/20 96/251/20
f 107/249/20 96/251/20 92/252/20
f 109/253/11 110/254/11 111/255/11
f 112/256/12 113/257/12 114/258/12
f 110/259/13 114/260/13 113/261/13
f 110/259/13 113/261/13 111/262/13
f 109/253/11 111/255/11 115/263/11
f 112/256/12 116/264/12 113/257/12
f 111/262/14 113/261/14 115/265/14
f 113/261/14 116/266/14 115/265/14
f 109/253/11 115/263/11 117/267/11
f 112/256/12 118/268/12 116/264/12
f 115/269/15 116/270/15 118/271/15
f 115/269/15 118/271/15 117/272/15
f 109/253/11 117/267/11 119/273/11
f 112/256/12 120/274/12 118/268/12
f 117/275/16 118/276/16 120/277/16
f 117/275/16 120/277/16 119/278/16
f 109/253/11 119/273/11 121/279/11
f 112/256/12 122/280/12 120/274/12
f 119/278/17 120/277/17 121/281/17
f 120/277/17 122/282/17 121/281/17
f 109/253/11 121/279/11 123/283/11
f 112/256/12 124/284/12 122/280/12
f 121/285/18 122/286/18 124/287/18
f 121/285/18 124/287/18 123/288/18
f 109/253/11 123/283/11 125/289/11
f 112/256/12 126/290/12 124/284/12
f 123/288/19 124/287/19 125/291/19
f 124/287/19 126/292/19 125/291/19
f 109/253/11 125/289/11 110/254/11
f 112/256/12 114/258/12 126/290/12
f 125/291/20 126/292/20 110/293/20
f 126/292/20 114/294/20 110/293/20
f 127/295/21 128/296/21 129/297/21
f 130/298/22 131/299/22 132/300/22
f 128/301/23 132/302/23 129/303/23
f 132/302/23 131/304/23 129/303/23
f 127/295/21 129/297/21 133/305/21
f 130/298/22 134/306/22 131/299/22
f 129/307/24 131/308/24 134/309/24
f 129/307/24 134/309/24 133/310/24
f 127/295/21 133/305/21 135/311/21
f 130/298/22 136/312/22 134/306/22
f 133/310/25 134/309/25 135/313/25
f 134/309/25 136/314/25 135/313/25
f 127/295/21 135/311/21 137/315/21
f 130/298/22 138/316/22 136/312/22
f 135/313/26 136/314/26 138/317/26
f 135/313/26 138/317/26 137/318/26
f 127/295/21 137/315/21 139/319/21
f 130/298/22 140/320/22 138/316/22
f 137/321/27 138/322/27 139/323/27
f 138/322/27 140/324/27 139/323/27
f 127/295/21 139/319/21 141/325/21
f 130/298/22 142/326/22 140/320/22
f 139/323/28 140/324/28 142/327/28
f 139/323/28 142/327/28 141/328/28
f 127/295/21 141/325/21 143/329/21
f 130/298/22 144/330/22 142/326/22
f 141/331/29 142/332/29 143/333/29
f 142/332/29 144/334/29 143/333/29
f 127/295/21 143/329/21 128/296/21
f 130/298/22 132/300/22 144/330/22
f 143/335/30 144/336/30 132/302/30
f 143/335/30 132/302/30 128/301/30
f 145/337/21 146/338/21 147/339/21
f 148/340/22 149/341/22 150/342/22
f 146/343/23 150/344/23 147/345/23
f 150/344/23 149/346/23 147/345/23
f 145/337/21 147/339/21 151/347/21
f 148/340/22 152/348/22 149/341/22
f 147/349/24 149/350/24 152/351/24
f 147/349/24 152/351/24 151/352/24
f 145/337/21 151/347/21 153/353/21
f 148/340/22 154/354/22 152/348/22
f 151/352/25 152/351/25 153/355/25
f 152/351/25 154/356/25 153/355/25
f 145/337/21 153/353/21 155/357/21
f 148/340/22 156/358/22 154/354/22
f 153/355/26 154/356/26 156/359/26
f 153/355/26 156/359/26 155/360/26
f 145/337/21 155/357/21 157/361/21
f 148/340/22 158/362/22 156/358/22
f 155/363/27 156/364/27 157/365/27
f 156/364/27 158/366/27 157/365/27
f 145/337/21 157/361/21 159/367/21
f 148/340/22 160/368/22 158/362/22
f 157/365/28 158/366/28 160/369/28
f 157/365/28 160/369/28 159/370/28
f 145/337/21 159/367/21 161/371/21
f 148/340/22 162/372/22 160/368/22
f 159/373/29 160/374/29 161/375/29
f 160/374/29 162/376/29 161/375/29
f 145/337/21 161/371/21 146/338/21
f 148/340/22 150/342/22 162/372/22
f 161/377/30 162/378/30 150/344/30
f 161/377/30 150/344/30 146/343/30
f 163/379/1 164/380/1 165/381/1
f 166/382/2 167/383/2 168/384/2
f 164/385/3 168/386/3 167/387/3
f 164/385/3 167/387/3 165/388/3
f 163/379/1 165/381/1 169/389/1
f 166/382/2 170/390/2 167/383/2
f 165/391/4 167/392/4 170/393/4
f 165/391/4 170/393/4 169/394/4
f 163/379/1 169/389/1 171/395/1
f 166/382/2 172/396/2 170/390/2
f 169/394/5 170/393/5 171/397/5
f 170/393/5 172/398/5 171/397/5
f 163/379/1 171/395/1 173/399/1
f 166/382/2 174/400/2 172/396/2
f 171/397/6 172/398/6 173/401/6
f 172/398/6 174/402/6 173/401/6
f 163/379/1 173/399/1 175/403/1
f 166/382/2 176/404/2 174/400/2
f 173/405/7 174/406/7 176/407/7
f 173/405/7 176/407/7 175/408/7
f 163/379/1 175/403/1 177/409/1
f 166/382/2 178/410/2 176/404/2
f 175/408/8 176/407/8 178/411/8
f 175/408/8 178/411/8 177/412/8
f 163/379/1 177/409/1 179/413/1
f 166/382/2 180/414/2 178/410/2
f 177/415/9 178/416/9 179/417/9
f 178/416/9 180/418/9 179/417/9
f 163/379/1 179/413/1 164/380/1
f 166/382/2 168/384/2 180/414/2
f 179/419/10 180/420/10 164/385/10
f 180/420/10 168/386/10 164/385/10
f 181/421/1 182/422/1 183/423/1
f 184/424/2 185/425/2 186/426/2
f 182/427/3 186/428/3 185/429/3
f 182/427/3 185/429/3 183/430/3
f 181/421/1 183/423/1 187/431/1
f 184/424/2 188/432/2 185/425/2
f 183/433/4 185/434/4 187/435/4
f 185/434/4 188/436/4 187/435/4
f 181/421/1 187/431/1 189/437/1
f 184/424/2 190/438/2 188/432/2
f 187/435/5 188/436/5 190/439/5
f 187/435/5 190/439/5 189/440/5
f 181/421/1 189/437/1 191/441/1
f 184/424/2 192/442/2 190/438/2
f 189/440/6 190/439/6 191/443/6
f 190/439/6 192/444/6 191/443/6
f 181/421/1 191/441/1 193/445/1
f 184/424/2 194/446/2 192/442/2
f 191/447/7 192/448/7 193/449/7
f 192/448/7 194/450/7 193/449/7
f 181/421/1 193/445/1 195/451/1
f 184/424/2 196/452/2 194/446/2
f 193/449/8 194/450/8 196/453/8
f 193/449/8 196/453/8 195/454/8
f 181/421/1 195/451/1 197/455/1
f 184/424/2 198/456/2 196/452/2
f 195/457/9 196/458/9 198/459/9
f 195/457/9 198/459/9 197/460/9
f 181/421/1 197/455/1 182/422/1
f 184/424/2 186/426/2 198/456/2
f 197/461/10 198/462/10 186/428/10
f 197/461/10 186/428/10 182/427/10
s off
g Cube.006
v -0.087751 6.27901 0.966207
v -0.064236 6.21075 0.786883
v -0.072493 6.48455 0.806482
v -0.058651 6.34998 0.663249
v -0.296847 6.34739 0.642667
v -0.310689 6.48196 0.785899
v -0.286612 6.47896 0.507635
v -0.295798 6.65225 0.592108
v -0.301797 6.20449 0.760727
v -0.325312 6.27274 0.94005
v -0.280943 6.04295 0.846998
v -0.095203 6.04677 0.868002
v -0.272722 6.58512 0.333514
v -0.28087 6.74832 0.407251
v -0.057602 6.65484 0.612691
v -0.048415 6.48155 0.528218
v -0.042674 6.75092 0.427834
v -0.249977 6.80132 0.234032
v -0.044538 6.80356 0.251784
v -0.034526 6.58772 0.354096
v -0.036592 6.65388 0.178689
v -0.242031 6.65165 0.160937
v -0.168098 6.7316 0.051557
v -0.101776 6.73044 0.055266
v -0.163863 6.74447 -0.027597
v -0.097541 6.74331 -0.023888
v -0.101314 6.78547 0.071738
v -0.167635 6.78663 0.068029
v -0.097324 6.81744 0.006465
v -0.106644 6.83083 -0.066867
v -0.106775 6.78629 -0.085106
v -0.163646 6.8186 0.002757
v -0.146625 6.78698 -0.087334
v -0.146495 6.83153 -0.069096
v -0.114828 6.06869 1.0265
v -0.300568 6.06488 1.0055
v -0.148192 5.93062 1.01298
v -0.258771 5.92835 1.00047
v -0.247425 5.91858 0.909602
v -0.136847 5.92085 0.922107
v -0.220646 5.8583 0.941501
v -0.168363 5.85938 0.947413
v -0.226405 5.86676 0.988545
v -0.174122 5.86783 0.994457
v -0.034518 6.04512 0.6766
v -0.03143 6.23835 0.693919
v -0.092321 6.14549 0.441607
v -0.065195 6.32067 0.529554
v 0.16787 6.31548 0.484823
v 0.140744 6.14029 0.396875
v 0.132059 6.41131 0.325213
v 0.093755 6.2828 0.185212
v 0.202209 6.23957 0.651163
v 0.199122 6.04634 0.633845
v 0.217698 6.20199 0.830446
v 0.035264 6.2008 0.865044
v 0.100963 6.55191 0.178982
v 0.064692 6.43653 0.045574
v -0.13931 6.28799 0.229943
v -0.101006 6.4165 0.369944
v -0.168373 6.44172 0.090305
v 0.030221 6.5923 -0.047662
v -0.170792 6.59678 -0.009083
v -0.132102 6.55711 0.223714
v -0.13771 6.70791 0.111811
v 0.063303 6.70343 0.073231
v -0.022866 6.79524 -0.019734
v -0.08719 6.79914 -0.006088
v -0.090525 6.87228 -0.039776
v -0.026201 6.86839 -0.053422
v -0.102117 6.76865 -0.052882
v -0.037793 6.76476 -0.066528
v -0.110651 6.82331 -0.100586
v -0.10124 6.88926 -0.13547
v -0.089147 6.91868 -0.098931
v -0.046327 6.81942 -0.114233
v -0.06259 6.88692 -0.14367
v -0.050497 6.91635 -0.107131
v 0.040938 6.04039 0.885908
v 0.223372 6.04158 0.85131
v 0.108282 6.08668 1.0056
v 0.216892 6.08739 0.985003
v 0.212853 6.17862 0.970437
v 0.104243 6.1779 0.991035
v 0.148841 6.16658 1.05029
v 0.200193 6.16692 1.04055
v 0.20133 6.1188 1.04493
v 0.149978 6.11846 1.05467
v -0.039821 5.82182 0.356919
v -0.021563 6.00026 0.42995
v -0.114922 5.98862 0.167932
v -0.066641 6.12829 0.300653
v 0.159433 6.13105 0.23277
v 0.111153 5.99138 0.100049
v 0.11376 6.27056 0.11219
v 0.052148 6.19104 -0.055371
v 0.205732 6.00851 0.36578
v 0.187474 5.83007 0.292749
v 0.237353 5.919 0.52433
v 0.059984 5.91196 0.575522
v 0.077269 6.44853 0.017071
v 0.019276 6.37947 -0.140543
v -0.173926 6.18827 0.012511
v -0.112314 6.2678 0.180073
v -0.206798 6.37671 -0.07266
v -0.013935 6.55615 -0.180266
v -0.208919 6.55377 -0.121718
v -0.148805 6.44577 0.084954
v -0.1557 6.62259 0.023021
v 0.039283 6.62497 -0.035527
v -0.049599 6.74202 -0.088549
v -0.111687 6.74321 -0.067848
v -0.113475 6.82286 -0.078168
v -0.051388 6.82167 -0.098869
v -0.133523 6.72853 -0.119973
v -0.071435 6.72734 -0.140674
v -0.143221 6.79491 -0.148581
v -0.115119 6.88456 -0.121144
v -0.132993 6.86776 -0.163453
v -0.081134 6.79373 -0.169282
v -0.095687 6.86705 -0.175892
v -0.077813 6.88384 -0.133582
v 0.056703 5.75314 0.547706
v 0.234072 5.76017 0.496514
v 0.244881 5.76404 0.63828
v 0.139286 5.75985 0.668757
v 0.245657 5.85519 0.651604
v 0.140062 5.851 0.682081
v 0.189742 5.82151 0.730801
v 0.239668 5.82349 0.716392
v 0.237926 5.77642 0.706311
v 0.187999 5.77444 0.720721
v 0.813816 6.18327 0.356776
v 0.625125 6.1393 0.278338
v 0.716425 6.39885 0.24036
v 0.542303 6.28877 0.197189
v 0.443691 6.34711 0.386065
v 0.617814 6.45719 0.429235
v 0.349 6.48987 0.297964
v 0.476933 6.64438 0.306198
v 0.520195 6.19482 0.465153
v 0.708886 6.23879 0.543591
v 0.568509 6.02327 0.513729
v 0.650804 5.97875 0.368097
v 0.209831 6.61338 0.196006
v 0.324713 6.75964 0.201004
v 0.575545 6.58604 0.117323
v 0.447612 6.43153 0.109089
v 0.423325 6.7013 0.012129
v 0.177494 6.82833 0.095599
v 0.262544 6.77801 -0.067302
v 0.308443 6.55504 0.00713
v 0.151915 6.64456 -0.074476
v 0.066864 6.69488 0.088425
v 0.004271 6.76928 -0.032013
v 0.02921 6.75154 -0.085053
v -0.069309 6.79226 -0.069835
v -0.04437 6.77453 -0.122875
v 0.060671 6.80133 -0.089393
v 0.035732 6.81906 -0.036353
v 0.005976 6.84048 -0.125104
v -0.096353 6.82675 -0.148154
v -0.066102 6.86638 -0.149494
v -0.018963 6.85822 -0.072064
v -0.111339 6.83741 -0.116284
v -0.081087 6.87704 -0.117624
v 0.8075 5.9808 0.443859
v 0.725205 6.02532 0.589492
v 0.696645 5.88606 0.57923
v 0.745639 5.85955 0.492529
v 0.607602 5.88753 0.535178
v 0.656596 5.86102 0.448477
v 0.631521 5.81895 0.537502
v 0.654686 5.80642 0.496508
v 0.678582 5.82139 0.55956
v 0.701747 5.80886 0.518566
v -0.85528 6.15644 0.538336
v -0.780365 6.33598 0.566069
v -0.742202 6.23501 0.314684
v -0.690827 6.39985 0.413291
v -0.483293 6.30957 0.477025
v -0.534667 6.14473 0.378418
v -0.392107 6.38726 0.328263
v -0.40687 6.2618 0.182266
v -0.570666 6.2517 0.632148
v -0.645581 6.07216 0.604415
v -0.663575 6.23741 0.792437
v -0.828024 6.30316 0.741879
v -0.285029 6.50653 0.195825
v -0.295941 6.39343 0.057219
v -0.614404 6.35208 0.118532
v -0.599641 6.47753 0.264529
v -0.503475 6.48371 -0.006515
v -0.390686 6.61326 -0.084777
v -0.211692 6.5354 -0.029808
v -0.492563 6.59681 0.132091
v -0.377868 6.72173 0.041306
v -0.198874 6.64387 0.096275
v -0.183162 6.74447 -0.017089
v -0.240057 6.77184 -0.033405
v -0.195208 6.83558 -0.059835
v -0.138313 6.80821 -0.043519
v -0.241466 6.74212 -0.082409
v -0.184571 6.71475 -0.066093
v -0.201549 6.78859 -0.124387
v -0.148877 6.8412 -0.146651
v -0.145067 6.86944 -0.107864
v -0.144653 6.76122 -0.108071
v -0.114691 6.82476 -0.136848
v -0.110881 6.85299 -0.09806
v -0.901202 6.15636 0.753089
v -0.736754 6.0906 0.803647
v -0.789549 6.15412 0.919547
v -0.887452 6.19327 0.889448
v -0.747236 6.2375 0.91047
v -0.845138 6.27665 0.880371
v -0.797356 6.24103 0.965069
v -0.843646 6.25954 0.950838
v -0.818826 6.19691 0.966552
v -0.865116 6.21542 0.952321
vn 0.9946 0.0228 0.1009
vn -0.9962 -0.0108 -0.0861
vn -0.9946 -0.0227 -0.1009
vn 0.1092 -0.4573 -0.8826
vn -0.089 0.6051 0.7911
vn 0.0863 -0.65 -0.755
vn -0.0649 0.7521 0.6559
vn 0.0677 -0.7171 -0.6936
vn 0.9962 0.0108 0.0861
vn -0.0352 0.9574 0.2867
vn -0.0492 0.8879 0.4575
vn 0.054 -0.8545 -0.5167
vn 0.0472 -0.8298 -0.5561
vn 0.0407 -0.9347 -0.3531
vn 0.9988 0.0489 0.0054
vn -0.9857 0.0273 -0.1661
vn -0.0083 -0.9869 -0.1609
vn 0.9241 0.181 -0.3365
vn -0.8739 0.1677 -0.4562
vn 0.0035 0.9956 -0.0941
vn 0.992 0.0453 -0.1178
vn 0.9985 -0.0232 0.0496
vn -0.9985 0.0232 -0.0496
vn -0.0089 0.8982 0.4395
vn 0.0583 0.3781 -0.9239
vn -0.9722 0.0911 -0.2157
vn 0.0072 0.9839 0.1787
vn 0.0179 -0.817 -0.5763
vn -0.1107 -0.0704 0.9914
vn -0.9842 -0.156 -0.084
vn 0.9839 -0.0955 0.1511
vn -0.1128 0.2867 0.9514
vn 0.1103 -0.4262 -0.8979
vn 0.9568 -0.2487 0.1504
vn 0.1104 -0.423 -0.8994
vn -0.9527 -0.2929 -0.0811
vn 0.0002 -0.9842 0.1769
vn -0.895 -0.443 -0.0525
vn -0.1041 -0.2415 0.9648
vn 0.8986 -0.4064 0.1652
vn -0.9732 0.0142 0.2296
vn 0.9711 -0.0315 -0.2368
vn 0.9732 -0.0142 -0.2297
vn 0.0319 0.9788 0.2024
vn -0.0761 -0.9285 -0.3635
vn 0.0856 0.9055 0.4156
vn -0.1214 -0.8357 -0.5357
vn 0.1138 0.8628 0.4925
vn -0.9711 0.0315 0.2368
vn -0.1709 -0.5336 -0.8283
vn -0.1528 -0.6801 -0.717
vn 0.1448 0.7284 0.6696
vn 0.1487 0.7591 0.6338
vn 0.1646 0.5917 0.7892
vn -0.9789 0.0983 0.1794
vn 0.9558 0.0352 -0.292
vn 0.2127 0.4167 0.8838
vn -0.9223 0.3819 -0.0585
vn 0.8318 0.2833 -0.4774
vn -0.1955 -0.1752 -0.9649
vn -0.9656 0.2152 0.1463
vn -0.9631 0.0751 0.2583
vn 0.9631 -0.0751 -0.2583
vn -0.1937 -0.6621 -0.724
vn -0.0814 0.7893 -0.6087
vn 0.9301 0.0665 -0.3614
vn -0.2121 -0.4331 -0.876
vn 0.1762 0.7725 0.6101
vn 0.0681 -0.9428 0.3263
vn 0.9951 0.0063 -0.099
vn -0.9369 -0.0033 0.3497
vn 0.0016 -0.9997 -0.0226
vn 0.0256 0.9853 0.1689
vn -0.8753 0.0341 0.4824
vn 0.0249 0.9859 0.1655
vn 0.9983 0.0438 0.0377
vn 0.1849 0.0934 0.9783
vn 0.9772 0.0638 0.2024
vn 0.0971 -0.871 0.4817
vn -0.786 0.0545 0.6158
vn -0.9415 -0.0206 0.3364
vn 0.9376 0.0064 -0.3478
vn 0.9415 0.0207 -0.3364
vn 0.1019 0.8749 0.4735
vn -0.1579 -0.7789 -0.607
vn 0.171 0.7415 0.6488
vn -0.2141 -0.6386 -0.7391
vn 0.2039 0.6775 0.7067
vn -0.9376 -0.0064 0.3478
vn -0.2748 -0.2598 -0.9257
vn -0.2541 -0.4348 -0.8639
vn 0.2442 0.4956 0.8335
vn 0.2465 0.5356 0.8077
vn 0.268 0.3278 0.9059
vn -0.9464 0.0744 0.3142
vn 0.9215 0.0868 -0.3785
vn 0.3159 0.1289 0.94
vn -0.8957 0.4123 0.1666
vn 0.7973 0.3831 -0.4665
vn -0.2927 0.1284 -0.9475
vn -0.9289 0.1947 0.3151
vn -0.9248 0.0284 0.3794
vn 0.9248 -0.0284 -0.3794
vn -0.295 -0.4142 -0.8611
vn -0.0931 0.9383 -0.3331
vn 0.8915 0.1381 -0.4314
vn -0.3154 -0.1471 -0.9375
vn 0.2727 0.5548 0.786
vn 0.0465 -0.9986 0.0237
vn 0.9775 0.0006 -0.2108
vn -0.8953 -0.0742 0.4393
vn -0.0536 -0.9481 -0.3135
vn 0.0929 0.891 0.4445
vn -0.8199 -0.08 0.5669
vn 0.092 0.8925 0.4415
vn 0.9974 -0.0044 -0.0718
vn 0.2788 -0.2109 0.9369
vn 0.9952 -0.0337 0.0921
vn 0.0929 -0.9779 0.1874
vn -0.719 -0.1033 0.6873
vn 0.4074 -0.2709 -0.8722
vn -0.3937 0.2793 0.8758
vn -0.4074 0.271 0.8721
vn -0.8576 -0.3486 -0.3781
vn 0.8133 0.506 0.2873
vn -0.7901 -0.5551 -0.2598
vn 0.7279 0.663 0.1752
vn -0.7546 -0.6246 -0.201
vn 0.3937 -0.2793 -0.8758
vn 0.4472 0.8934 -0.0425
vn 0.5799 0.813 0.0516
vn -0.625 -0.7758 -0.0867
vn -0.6588 -0.7456 -0.1006
vn -0.4992 -0.8665 0.007
vn 0.3396 -0.2342 -0.9109
vn -0.4457 0.323 0.8349
vn -0.3598 -0.9226 0.1393
vn 0.0811 -0.0475 -0.9956
vn -0.6215 0.4723 0.6251
vn 0.1428 0.9625 -0.2306
vn 0.2421 -0.2168 -0.9457
vn 0.3588 -0.3037 -0.8826
vn -0.3588 0.3037 0.8826
vn 0.5815 0.8135 0.0014
vn -0.6966 0.5148 -0.4997
vn -0.4676 0.3839 0.7962
vn 0.3742 0.918 -0.131
vn -0.6865 -0.7226 -0.0812
vn 0.8231 -0.2077 0.5286
vn -0.4196 0.1493 0.8953
vn 0.4189 -0.3795 -0.8249
vn 0.8798 0.1638 0.4462
vn -0.8643 -0.3148 -0.3922
vn 0.3787 -0.507 -0.7743
vn -0.865 -0.3113 -0.3936
vn -0.4382 0.0198 0.8987
vn -0.0697 -0.9643 0.2554
vn -0.4321 -0.1351 0.8916
vn 0.7534 -0.3748 0.5403
vn 0.341 -0.6356 -0.6926
vn -0.8548 0.4235 -0.2999
vn 0.8498 -0.4392 0.2915
vn 0.8549 -0.4235 0.2998
vn 0.2917 0.9229 0.2514
vn -0.2386 -0.8784 -0.4141
vn 0.2154 0.8595 0.4636
vn -0.1668 -0.7951 -0.5832
vn 0.1891 0.8181 0.5431
vn -0.8498 0.4392 -0.2915
vn 0.0272 -0.5341 -0.845
vn -0.0581 -0.6614 -0.7478
vn 0.0892 0.7032 0.7054
vn 0.1187 0.7253 0.6781
vn 0.0052 0.5847 0.8112
vn -0.802 0.4914 -0.3395
vn 0.8917 -0.3832 0.2408
vn -0.0591 0.4176 0.9067
vn -0.5467 0.6783 -0.491
vn 0.9902 -0.1368 0.0275
vn 0.193 -0.2158 -0.9572
vn -0.7317 0.5833 -0.3527
vn -0.8368 0.4784 -0.2661
vn 0.8368 -0.4784 0.2661
vn -0.0808 -0.629 -0.7732
vn 0.4852 0.6836 -0.5453
vn 0.9188 -0.3566 0.1693
vn 0.0506 -0.4317 -0.9006
vn 0.1554 0.7238 0.6723
vn -0.4288 -0.8602 0.276
vn 0.817 -0.3921 0.4228
vn -0.8925 0.4141 -0.179
vn -0.351 -0.9334 -0.0748
vn 0.3036 0.9274 0.2187
vn -0.8944 0.4463 -0.0278
vn 0.3048 0.9278 0.2153
vn 0.7698 -0.3386 0.5411
vn -0.2364 0.1473 0.9604
vn 0.6864 -0.2881 0.6677
vn -0.4464 -0.7824 0.4343
vn -0.8808 0.4523 0.1403
vt 0.244811 0.144888
vt 0.22314 0.133557
vt 0.250662 0.113568
vt 0.22581 0.111118
vt 0.485397 0.116223
vt 0.460969 0.119932
vt 0.484128 0.093568
vt 0.460891 0.088793
vt 0.489079 0.137956
vt 0.468013 0.150307
vt 0.581698 0.313542
vt 0.608888 0.313655
vt 0.58585 0.335204
vt 0.607121 0.335436
vt 0.315328 0.644096
vt 0.342401 0.644192
vt 0.341344 0.676074
vt 0.314447 0.676199
vt 0.580838 0.29047
vt 0.608164 0.290399
vt 0.488462 0.069062
vt 0.467056 0.064009
vt 0.315393 0.611734
vt 0.342466 0.611831
vt 0.580777 0.266826
vt 0.608102 0.266755
vt 0.226782 0.088121
vt 0.250305 0.082048
vt 0.341255 0.586461
vt 0.314182 0.586365
vt 0.337522 0.565633
vt 0.314172 0.56555
vt 0.581563 0.241866
vt 0.608888 0.241794
vt 0.222039 0.063549
vt 0.2437 0.057292
vt 0.608337 0.220316
vt 0.58477 0.220378
vt 0.592605 0.203079
vt 0.600242 0.203042
vt 0.233785 0.037374
vt 0.213456 0.042608
vt 0.476099 0.0429
vt 0.496181 0.047012
vt 0.763112 0.959731
vt 0.756343 0.958742
vt 0.756343 0.949023
vt 0.763112 0.950012
vt 0.210419 0.027572
vt 0.217004 0.024606
vt 0.496805 0.02814
vt 0.490245 0.02554
vt 0.53982 0.183295
vt 0.520359 0.183295
vt 0.537477 0.16259
vt 0.531147 0.16226
vt 0.214492 0.016064
vt 0.204928 0.019317
vt 0.209579 0.008737
vt 0.203833 0.010691
vt 0.502135 0.019718
vt 0.492622 0.016983
vt 0.912094 0.494083
vt 0.904516 0.493751
vt 0.904516 0.484959
vt 0.912094 0.485291
vt 0.974731 0.753907
vt 0.974731 0.748968
vt 0.978045 0.750845
vt 0.978045 0.755784
vt 0.502886 0.01038
vt 0.49717 0.008737
vt 0.905619 0.477096
vt 0.910172 0.477296
vt 0.934938 0.361276
vt 0.9273 0.361276
vt 0.928975 0.352101
vt 0.933564 0.352101
vt 0.314172 0.699492
vt 0.335218 0.699252
vt 0.315423 0.709935
vt 0.327953 0.709793
vt 0.496828 0.15716
vt 0.48181 0.170895
vt 0.214607 0.155025
vt 0.230132 0.16809
vt 0.591068 0.351417
vt 0.603731 0.351555
vt 0.594804 0.359339
vt 0.600792 0.359404
vt 0.20741 0.17137
vt 0.216047 0.179088
vt 0.502886 0.170927
vt 0.494541 0.179014
vt 0.913189 0.048711
vt 0.907111 0.048526
vt 0.913378 0.043382
vt 0.907299 0.043197
vt 0.916423 0.055322
vt 0.90483 0.055322
vt 0.323065 0.713542
vt 0.317141 0.71361
vt 0.208624 0.18334
vt 0.203833 0.179621
vt 0.373345 0.139837
vt 0.351658 0.130673
vt 0.379191 0.111363
vt 0.35433 0.109839
vt 0.419726 0.463346
vt 0.394818 0.464547
vt 0.420465 0.442112
vt 0.397511 0.435515
vt 0.421595 0.484243
vt 0.399105 0.493219
vt 0.626348 0.138587
vt 0.653972 0.138977
vt 0.629043 0.158207
vt 0.650643 0.158642
vt 0.66493 0.687655
vt 0.69244 0.688288
vt 0.665751 0.717921
vt 0.693325 0.718173
vt 0.626163 0.116594
vt 0.653778 0.116627
vt 0.427006 0.41967
vt 0.405919 0.412983
vt 0.692611 0.656542
vt 0.665101 0.655909
vt 0.653951 0.093529
vt 0.626335 0.093496
vt 0.3553 0.088819
vt 0.378831 0.082601
vt 0.693325 0.63039
vt 0.665814 0.629757
vt 0.692422 0.608002
vt 0.668695 0.607456
vt 0.626357 0.067878
vt 0.653972 0.067911
vt 0.350553 0.066526
vt 0.372221 0.060193
vt 0.651969 0.044918
vt 0.628151 0.04489
vt 0.635714 0.027382
vt 0.643371 0.027299
vt 0.362317 0.04103
vt 0.34198 0.046391
vt 0.417342 0.395483
vt 0.437181 0.401171
vt 0.642986 0.017997
vt 0.635329 0.018079
vt 0.339013 0.027004
vt 0.345598 0.024298
vt 0.574158 0.86643
vt 0.574158 0.847085
vt 0.591469 0.861145
vt 0.592492 0.854316
vt 0.686179 0.590035
vt 0.678573 0.589758
vt 0.343084 0.016473
vt 0.333521 0.019437
vt 0.338184 0.008737
vt 0.332438 0.010518
vt 0.549591 0.642798
vt 0.556491 0.643104
vt 0.546757 0.652053
vt 0.556491 0.651562
vt 0.686595 0.580937
vt 0.678989 0.580659
vt 0.978213 0.174592
vt 0.978213 0.180227
vt 0.974673 0.173471
vt 0.974673 0.179106
vt 0.547774 0.659842
vt 0.553623 0.659547
vt 0.681243 0.572
vt 0.685813 0.572166
vt 0.636796 0.008786
vt 0.641397 0.008737
vt 0.759425 0.756722
vt 0.778194 0.756573
vt 0.760538 0.773112
vt 0.771711 0.773024
vt 0.428401 0.505017
vt 0.411915 0.51597
vt 0.343148 0.148541
vt 0.358686 0.159586
vt 0.756343 0.729253
vt 0.780364 0.729253
vt 0.633078 0.172762
vt 0.645938 0.173021
vt 0.642342 0.180016
vt 0.636262 0.179893
vt 0.335987 0.160729
vt 0.344631 0.167267
vt 0.434286 0.521462
vt 0.425079 0.527954
vt 0.63619 0.184391
vt 0.64227 0.184513
vt 0.432118 0.533137
vt 0.437181 0.530034
vt 0.766875 0.780143
vt 0.761592 0.780185
vt 0.337233 0.169199
vt 0.332438 0.166065
vt 0.209413 0.415995
vt 0.230974 0.42707
vt 0.203833 0.442434
vt 0.228312 0.446653
vt 0.156578 0.462725
vt 0.132482 0.465837
vt 0.157838 0.442041
vt 0.135831 0.437427
vt 0.157933 0.482901
vt 0.135803 0.493329
vt 0.394831 0.6757
vt 0.422423 0.676255
vt 0.397115 0.697987
vt 0.418688 0.698569
vt 0.072078 0.657587
vt 0.099435 0.657295
vt 0.073182 0.690141
vt 0.100642 0.689717
vt 0.394818 0.652485
vt 0.422361 0.652932
vt 0.164735 0.419731
vt 0.144533 0.414883
vt 0.099616 0.62515
vt 0.07226 0.625443
vt 0.395035 0.62894
vt 0.422578 0.629387
vt 0.227418 0.46657
vt 0.20427 0.469873
vt 0.100642 0.600636
vt 0.073285 0.600929
vt 0.100216 0.581014
vt 0.076621 0.581267
vt 0.394818 0.604607
vt 0.422361 0.605054
vt 0.232155 0.488336
vt 0.210842 0.491956
vt 0.419938 0.584481
vt 0.396183 0.584095
vt 0.403611 0.56728
vt 0.41123 0.567419
vt 0.220227 0.511471
vt 0.240233 0.508629
vt 0.156406 0.397099
vt 0.175427 0.401074
vt 0.410572 0.559727
vt 0.402953 0.559589
vt 0.2413 0.528146
vt 0.234889 0.529967
vt 0.008737 0.865103
vt 0.008737 0.844592
vt 0.026071 0.860947
vt 0.027096 0.853836
vt 0.094781 0.568017
vt 0.087235 0.568103
vt 0.237352 0.537713
vt 0.246665 0.535989
vt 0.2474 0.544741
vt 0.241804 0.545777
vt 0.316785 0.870074
vt 0.323147 0.86992
vt 0.314172 0.879572
vt 0.323147 0.878428
vt 0.087769 0.559634
vt 0.095315 0.559548
vt 0.978328 0.477745
vt 0.978328 0.483692
vt 0.974841 0.477097
vt 0.974841 0.483043
vt 0.314788 0.887376
vt 0.32018 0.886688
vt 0.094777 0.552227
vt 0.090243 0.552279
vt 0.404357 0.550611
vt 0.408936 0.550694
vt 0.358079 0.731083
vt 0.376497 0.731083
vt 0.371968 0.748371
vt 0.361004 0.748371
vt 0.164595 0.502719
vt 0.148253 0.51461
vt 0.238646 0.411242
vt 0.223172 0.399045
vt 0.099337 0.714365
vt 0.077871 0.714843
vt 0.400807 0.714763
vt 0.41365 0.71511
vt 0.409895 0.723141
vt 0.403823 0.722977
vt 0.244685 0.400796
vt 0.23607 0.393637
vt 0.170737 0.518476
vt 0.161596 0.525479
vt 0.168981 0.530162
vt 0.17399 0.526762
vt 0.170418 0.533149
vt 0.175427 0.529749
vt 0.362799 0.756194
vt 0.367983 0.756194
vt 0.242629 0.392891
vt 0.2474 0.396395
vt 0.077085 0.236972
vt 0.09329 0.250376
vt 0.072078 0.268155
vt 0.091308 0.272936
vt 0.627915 0.638223
vt 0.64606 0.633335
vt 0.628543 0.661433
vt 0.64569 0.66531
vt 0.625722 0.616005
vt 0.641032 0.602513
vt 0.158278 0.781714
vt 0.132482 0.783834
vt 0.158278 0.762488
vt 0.138124 0.764016
vt 0.646459 0.811018
vt 0.620235 0.80607
vt 0.645971 0.784244
vt 0.620026 0.778889
vt 0.762274 0.112083
vt 0.789828 0.113108
vt 0.790327 0.132514
vt 0.762846 0.130923
vt 0.624997 0.686792
vt 0.640783 0.691035
vt 0.80107 0.574241
vt 0.827407 0.572
vt 0.79985 0.604136
vt 0.826187 0.601895
vt 0.789867 0.092527
vt 0.762313 0.091502
vt 0.090392 0.296173
vt 0.07213 0.30016
vt 0.80079 0.629984
vt 0.827127 0.627742
vt 0.804692 0.652721
vt 0.827407 0.650788
vt 0.790327 0.067965
vt 0.762772 0.066939
vt 0.093891 0.321536
vt 0.07707 0.325881
vt 0.789148 0.044587
vt 0.765383 0.043702
vt 0.773131 0.027477
vt 0.780806 0.027575
vt 0.085737 0.347211
vt 0.101519 0.34378
vt 0.634844 0.712835
vt 0.620026 0.709499
vt 0.773284 0.017427
vt 0.780959 0.017525
vt 0.108897 0.360261
vt 0.103606 0.36263
vt 0.373709 0.56555
vt 0.373709 0.585442
vt 0.360624 0.572414
vt 0.35994 0.579498
vt 0.816329 0.671899
vt 0.823744 0.671439
vt 0.10558 0.371543
vt 0.11326 0.369173
vt 0.115009 0.378202
vt 0.110395 0.379626
vt 0.17895 0.703311
vt 0.184411 0.703983
vt 0.177716 0.713107
vt 0.185322 0.713066
vt 0.816577 0.680947
vt 0.823992 0.680487
vt 0.519449 0.36017
vt 0.519449 0.354337
vt 0.523833 0.354749
vt 0.523833 0.360582
vt 0.185322 0.721991
vt 0.180752 0.722016
vt 0.823412 0.689739
vt 0.818957 0.690016
vt 0.779461 0.008796
vt 0.77485 0.008737
vt 0.646459 0.757285
vt 0.626161 0.753236
vt 0.634117 0.737207
vt 0.646201 0.739618
vt 0.621934 0.596177
vt 0.632885 0.581503
vt 0.101813 0.229714
vt 0.090271 0.215099
vt 0.156196 0.747719
vt 0.144198 0.748629
vt 0.154055 0.740626
vt 0.148382 0.741056
vt 0.110127 0.214284
vt 0.103724 0.2057
vt 0.620026 0.581672
vt 0.626103 0.573055
vt 0.62405 0.916152
vt 0.624065 0.910634
vt 0.630123 0.910426
vt 0.630109 0.915943
vt 0.620026 0.916261
vt 0.620026 0.9054
vt 0.645149 0.731448
vt 0.639436 0.730308
vt 0.111434 0.20243
vt 0.115009 0.206625
vt 0.30822 0.338761
vt 0.286455 0.327748
vt 0.314003 0.306968
vt 0.289139 0.304953
vt 0.033242 0.115961
vt 0.008737 0.117237
vt 0.032361 0.092744
vt 0.009193 0.085496
vt 0.036703 0.138529
vt 0.015118 0.14887
vt 0.57446 0.508604
vt 0.60207 0.509087
vt 0.577412 0.528777
vt 0.599003 0.529289
vt 0.710798 0.687539
vt 0.738414 0.687807
vt 0.711243 0.718004
vt 0.73887 0.717904
vt 0.574158 0.486278
vt 0.601784 0.486442
vt 0.037117 0.068214
vt 0.015786 0.060871
vt 0.710954 0.655687
vt 0.738569 0.655955
vt 0.601917 0.463129
vt 0.57429 0.462965
vt 0.290086 0.28165
vt 0.313613 0.275061
vt 0.73887 0.629822
vt 0.711254 0.629555
vt 0.713523 0.607317
vt 0.737341 0.607548
vt 0.60207 0.437556
vt 0.574444 0.437392
vt 0.285316 0.256861
vt 0.306979 0.25012
vt 0.600314 0.4148
vt 0.576487 0.414659
vt 0.584113 0.39717
vt 0.591784 0.39714
vt 0.297206 0.230016
vt 0.276874 0.235696
vt 0.025867 0.04048
vt 0.04589 0.046729
vt 0.59156 0.388035
vt 0.58389 0.388065
vt 0.274576 0.219974
vt 0.281135 0.216866
vt 0.049497 0.028329
vt 0.043079 0.025036
vt 0.730053 0.589892
vt 0.722396 0.589722
vt 0.278626 0.208255
vt 0.269099 0.211701
vt 0.27386 0.200814
vt 0.268135 0.202884
vt 0.054874 0.020263
vt 0.045551 0.016544
vt 0.730313 0.580803
vt 0.722656 0.580632
vt 0.885043 0.126619
vt 0.885043 0.132509
vt 0.880454 0.126499
vt 0.880454 0.132389
vt 0.056295 0.010971
vt 0.050693 0.008737
vt 0.724612 0.572
vt 0.729213 0.572102
vt 0.585388 0.378767
vt 0.589997 0.37875
vt 0.50245 0.758913
vt 0.524022 0.758773
vt 0.519626 0.775955
vt 0.506784 0.776039
vt 0.045207 0.159205
vt 0.029714 0.171597
vt 0.2782 0.349453
vt 0.293803 0.362349
vt 0.499129 0.732034
vt 0.526719 0.732034
vt 0.581661 0.543786
vt 0.594515 0.54409
vt 0.584948 0.551142
vt 0.591026 0.551286
vt 0.271403 0.365853
vt 0.280086 0.373481
vt 0.05256 0.174298
vt 0.043934 0.181644
vt 0.584732 0.555438
vt 0.59081 0.555582
vt 0.051519 0.184956
vt 0.056295 0.181447
vt 0.51615 0.783649
vt 0.510078 0.783689
vt 0.272949 0.377717
vt 0.268135 0.374052
usemtl 
f 199/463/31 200/464/31 201/465/31
f 200/464/31 202/466/31 201/465/31
f 203/467/32 204/468/32 205/469/32
f 204/468/32 206/470/32 205/469/32
f 204/468/33 203/467/33 207/471/33
f 204/468/33 207/471/33 208/472/33
f 207/473/34 200/474/34 209/475/34
f 200/474/34 210/476/34 209/475/34
f 201/477/35 204/478/35 208/479/35
f 201/477/35 208/479/35 199/480/35
f 203/481/36 202/482/36 207/473/36
f 202/482/36 200/474/36 207/473/36
f 205/469/32 206/470/32 211/483/32
f 206/470/32 212/484/32 211/483/32
f 204/478/37 201/477/37 213/485/37
f 204/478/37 213/485/37 206/486/37
f 202/482/38 203/481/38 205/487/38
f 202/482/38 205/487/38 214/488/38
f 201/465/39 202/466/39 214/489/39
f 201/465/39 214/489/39 213/490/39
f 212/491/40 215/492/40 216/493/40
f 215/492/40 217/494/40 216/493/40
f 206/486/41 213/485/41 215/492/41
f 206/486/41 215/492/41 212/491/41
f 214/488/42 205/487/42 211/495/42
f 214/488/42 211/495/42 218/496/42
f 213/490/39 214/489/39 218/497/39
f 213/490/39 218/497/39 215/498/39
f 219/499/43 220/500/43 221/501/43
f 219/499/43 221/501/43 222/502/43
f 218/496/44 211/495/44 219/499/44
f 211/495/44 220/500/44 219/499/44
f 215/498/45 218/497/45 217/503/45
f 218/497/45 219/504/45 217/503/45
f 211/483/46 212/484/46 216/505/46
f 211/483/46 216/505/46 220/506/46
f 222/507/47 221/508/47 223/509/47
f 222/507/47 223/509/47 224/510/47
f 217/503/48 219/504/48 222/511/48
f 217/503/48 222/511/48 225/512/48
f 220/506/49 216/505/49 221/513/49
f 216/505/49 226/514/49 221/513/49
f 216/515/50 217/516/50 226/517/50
f 217/516/50 225/518/50 226/517/50
f 227/519/51 224/520/51 228/521/51
f 224/520/51 229/522/51 228/521/51
f 225/512/52 222/511/52 224/520/52
f 225/512/52 224/520/52 227/519/52
f 221/513/53 226/514/53 223/523/53
f 226/514/53 230/524/53 223/523/53
f 226/525/54 225/526/54 227/527/54
f 226/525/54 227/527/54 230/528/54
f 228/529/55 229/530/55 231/531/55
f 228/529/55 231/531/55 232/532/55
f 223/523/56 230/524/56 231/533/56
f 230/524/56 232/534/56 231/533/56
f 230/528/57 227/527/57 228/535/57
f 230/528/57 228/535/57 232/536/57
f 224/537/58 223/538/58 231/539/58
f 224/537/58 231/539/58 229/540/58
f 233/541/59 234/542/59 235/543/59
f 234/542/59 236/544/59 235/543/59
f 208/472/60 207/471/60 209/545/60
f 208/472/60 209/545/60 234/546/60
f 200/464/61 199/463/61 210/547/61
f 199/463/61 233/548/61 210/547/61
f 199/480/62 208/479/62 234/542/62
f 199/480/62 234/542/62 233/541/62
f 237/549/63 238/550/63 239/551/63
f 238/550/63 240/552/63 239/551/63
f 210/547/64 233/548/64 238/553/64
f 233/548/64 235/554/64 238/553/64
f 209/475/65 210/476/65 238/550/65
f 209/475/65 238/550/65 237/549/65
f 234/546/66 209/545/66 237/555/66
f 234/546/66 237/555/66 236/556/66
f 241/557/67 239/558/67 242/559/67
f 239/558/67 240/560/67 242/559/67
f 236/561/68 237/562/68 241/557/68
f 237/562/68 239/558/68 241/557/68
f 235/543/69 236/544/69 241/563/69
f 235/543/69 241/563/69 242/564/69
f 238/553/70 235/554/70 242/565/70
f 238/553/70 242/565/70 240/566/70
f 243/567/71 244/568/71 245/569/71
f 244/568/71 246/570/71 245/569/71
f 247/571/72 248/572/72 249/573/72
f 248/572/72 250/574/72 249/573/72
f 248/572/73 247/571/73 251/575/73
f 248/572/73 251/575/73 252/576/73
f 251/577/74 244/578/74 253/579/74
f 244/578/74 254/580/74 253/579/74
f 245/581/75 248/582/75 243/583/75
f 248/582/75 252/584/75 243/583/75
f 247/585/76 246/586/76 244/578/76
f 247/585/76 244/578/76 251/577/76
f 249/573/72 250/574/72 255/587/72
f 250/574/72 256/588/72 255/587/72
f 248/582/77 245/581/77 250/589/77
f 245/581/77 257/590/77 250/589/77
f 246/586/78 247/585/78 258/591/78
f 247/585/78 249/592/78 258/591/78
f 245/569/79 246/570/79 258/593/79
f 245/569/79 258/593/79 257/594/79
f 256/595/80 259/596/80 260/597/80
f 259/596/80 261/598/80 260/597/80
f 250/589/81 257/590/81 256/595/81
f 257/590/81 259/596/81 256/595/81
f 258/591/82 249/592/82 255/599/82
f 258/591/82 255/599/82 262/600/82
f 257/594/79 258/593/79 262/601/79
f 257/594/79 262/601/79 259/602/79
f 263/603/83 264/604/83 265/605/83
f 263/603/83 265/605/83 266/606/83
f 262/600/84 255/599/84 264/604/84
f 262/600/84 264/604/84 263/603/84
f 259/602/85 262/601/85 261/607/85
f 262/601/85 263/608/85 261/607/85
f 255/587/86 256/588/86 260/609/86
f 255/587/86 260/609/86 264/610/86
f 266/606/87 265/605/87 267/611/87
f 265/605/87 268/612/87 267/611/87
f 261/607/88 263/608/88 266/613/88
f 261/607/88 266/613/88 269/614/88
f 264/615/89 260/616/89 265/617/89
f 260/616/89 270/618/89 265/617/89
f 260/597/90 261/598/90 270/619/90
f 261/598/90 269/620/90 270/619/90
f 271/621/91 267/622/91 272/623/91
f 267/622/91 273/624/91 272/623/91
f 269/614/92 266/613/92 267/622/92
f 269/614/92 267/622/92 271/621/92
f 265/625/93 270/626/93 268/627/93
f 270/626/93 274/628/93 268/627/93
f 270/619/94 269/620/94 274/629/94
f 269/620/94 271/630/94 274/629/94
f 272/631/95 273/632/95 275/633/95
f 273/632/95 276/634/95 275/633/95
f 268/627/96 274/628/96 276/635/96
f 274/628/96 275/636/96 276/635/96
f 274/629/97 271/630/97 272/637/97
f 274/629/97 272/637/97 275/638/97
f 267/611/98 268/612/98 276/639/98
f 267/611/98 276/639/98 273/640/98
f 277/641/99 278/642/99 279/643/99
f 278/642/99 280/644/99 279/643/99
f 252/576/100 251/575/100 253/645/100
f 252/576/100 253/645/100 278/646/100
f 244/568/101 243/567/101 254/647/101
f 243/567/101 277/648/101 254/647/101
f 243/649/102 252/650/102 278/642/102
f 243/649/102 278/642/102 277/641/102
f 281/651/103 282/652/103 283/653/103
f 281/651/103 283/653/103 284/654/103
f 254/647/104 277/648/104 282/655/104
f 277/648/104 279/656/104 282/655/104
f 253/579/105 254/580/105 281/651/105
f 254/580/105 282/652/105 281/651/105
f 278/646/106 253/645/106 281/657/106
f 278/646/106 281/657/106 280/658/106
f 285/659/107 284/654/107 283/653/107
f 285/659/107 283/653/107 286/660/107
f 280/658/108 281/657/108 285/661/108
f 281/657/108 284/662/108 285/661/108
f 279/643/109 280/644/109 285/663/109
f 279/643/109 285/663/109 286/664/109
f 282/655/110 279/656/110 286/665/110
f 282/655/110 286/665/110 283/666/110
f 287/667/111 288/668/111 289/669/111
f 288/668/111 290/670/111 289/669/111
f 291/671/112 292/672/112 293/673/112
f 292/672/112 294/674/112 293/673/112
f 292/672/113 291/671/113 295/675/113
f 292/672/113 295/675/113 296/676/113
f 295/677/114 288/678/114 297/679/114
f 288/678/114 298/680/114 297/679/114
f 289/681/115 292/682/115 287/683/115
f 292/682/115 296/684/115 287/683/115
f 291/685/116 290/686/116 288/678/116
f 291/685/116 288/678/116 295/677/116
f 293/673/112 294/674/112 299/687/112
f 294/674/112 300/688/112 299/687/112
f 292/682/117 289/681/117 294/689/117
f 289/681/117 301/690/117 294/689/117
f 290/686/118 291/685/118 293/691/118
f 290/686/118 293/691/118 302/692/118
f 289/669/119 290/670/119 302/693/119
f 289/669/119 302/693/119 301/694/119
f 300/695/120 303/696/120 304/697/120
f 303/696/120 305/698/120 304/697/120
f 294/689/121 301/690/121 300/695/121
f 301/690/121 303/696/121 300/695/121
f 302/692/122 293/691/122 299/699/122
f 302/692/122 299/699/122 306/700/122
f 301/694/119 302/693/119 306/701/119
f 301/694/119 306/701/119 303/702/119
f 307/703/123 308/704/123 309/705/123
f 307/703/123 309/705/123 310/706/123
f 306/700/124 299/699/124 308/704/124
f 306/700/124 308/704/124 307/703/124
f 303/702/125 306/701/125 305/707/125
f 306/701/125 307/708/125 305/707/125
f 299/687/126 300/688/126 304/709/126
f 299/687/126 304/709/126 308/710/126
f 310/706/127 309/705/127 311/711/127
f 309/705/127 312/712/127 311/711/127
f 305/707/128 307/708/128 310/713/128
f 305/707/128 310/713/128 313/714/128
f 308/715/129 304/716/129 309/717/129
f 304/716/129 314/718/129 309/717/129
f 304/697/130 305/698/130 314/719/130
f 305/698/130 313/720/130 314/719/130
f 315/721/131 311/722/131 316/723/131
f 315/721/131 316/723/131 317/724/131
f 313/714/132 310/713/132 311/722/132
f 313/714/132 311/722/132 315/721/132
f 309/725/133 314/726/133 312/727/133
f 314/726/133 318/728/133 312/727/133
f 314/719/134 313/720/134 315/729/134
f 314/719/134 315/729/134 318/730/134
f 317/731/135 316/732/135 319/733/135
f 316/732/135 320/734/135 319/733/135
f 312/727/136 318/728/136 320/735/136
f 318/728/136 319/736/136 320/735/136
f 318/730/137 315/729/137 319/737/137
f 315/729/137 317/738/137 319/737/137
f 311/711/138 312/712/138 320/739/138
f 311/711/138 320/739/138 316/740/138
f 321/741/139 322/742/139 323/743/139
f 321/741/139 323/743/139 324/744/139
f 296/676/140 295/675/140 297/745/140
f 296/676/140 297/745/140 322/746/140
f 288/668/141 287/667/141 298/747/141
f 287/667/141 321/748/141 298/747/141
f 287/683/142 296/684/142 322/749/142
f 287/683/142 322/749/142 321/750/142
f 325/751/143 326/752/143 327/753/143
f 325/751/143 327/753/143 328/754/143
f 298/747/144 321/748/144 326/755/144
f 321/748/144 324/756/144 326/755/144
f 297/679/145 298/680/145 325/751/145
f 298/680/145 326/752/145 325/751/145
f 322/746/146 297/745/146 325/757/146
f 322/746/146 325/757/146 323/758/146
f 329/759/147 328/760/147 330/761/147
f 328/760/147 327/762/147 330/761/147
f 323/758/148 325/757/148 329/759/148
f 325/757/148 328/760/148 329/759/148
f 324/744/149 323/743/149 330/763/149
f 323/743/149 329/764/149 330/763/149
f 326/755/150 324/756/150 330/765/150
f 326/755/150 330/765/150 327/766/150
f 331/767/151 332/768/151 333/769/151
f 332/768/151 334/770/151 333/769/151
f 335/771/152 336/772/152 337/773/152
f 336/772/152 338/774/152 337/773/152
f 336/772/153 335/771/153 339/775/153
f 336/772/153 339/775/153 340/776/153
f 339/777/154 332/778/154 341/779/154
f 332/778/154 342/780/154 341/779/154
f 333/781/155 336/782/155 331/783/155
f 336/782/155 340/784/155 331/783/155
f 335/785/156 334/786/156 332/787/156
f 335/785/156 332/787/156 339/788/156
f 337/773/152 338/774/152 343/789/152
f 338/774/152 344/790/152 343/789/152
f 336/791/157 333/792/157 338/793/157
f 333/792/157 345/794/157 338/793/157
f 334/786/158 335/785/158 346/795/158
f 335/785/158 337/796/158 346/795/158
f 333/769/159 334/770/159 346/797/159
f 333/769/159 346/797/159 345/798/159
f 344/799/160 347/800/160 348/801/160
f 347/800/160 349/802/160 348/801/160
f 338/793/161 345/794/161 347/800/161
f 338/793/161 347/800/161 344/799/161
f 346/795/162 337/796/162 350/803/162
f 337/796/162 343/804/162 350/803/162
f 345/798/159 346/797/159 350/805/159
f 345/798/159 350/805/159 347/806/159
f 351/807/163 352/808/163 353/809/163
f 351/807/163 353/809/163 354/810/163
f 350/803/164 343/804/164 351/807/164
f 343/804/164 352/808/164 351/807/164
f 347/806/165 350/805/165 349/811/165
f 350/805/165 351/812/165 349/811/165
f 343/789/166 344/790/166 348/813/166
f 343/789/166 348/813/166 352/814/166
f 354/810/167 353/809/167 355/815/167
f 354/810/167 355/815/167 356/816/167
f 349/811/168 351/812/168 354/817/168
f 349/811/168 354/817/168 357/818/168
f 352/819/169 348/820/169 353/821/169
f 348/820/169 358/822/169 353/821/169
f 348/801/170 349/802/170 358/823/170
f 349/802/170 357/824/170 358/823/170
f 359/825/171 356/826/171 360/827/171
f 359/825/171 360/827/171 361/828/171
f 357/818/172 354/817/172 356/826/172
f 357/818/172 356/826/172 359/825/172
f 353/829/173 358/830/173 355/831/173
f 358/830/173 362/832/173 355/831/173
f 358/823/174 357/824/174 362/833/174
f 357/824/174 359/834/174 362/833/174
f 361/835/175 360/836/175 363/837/175
f 361/835/175 363/837/175 364/838/175
f 355/831/176 362/832/176 364/839/176
f 355/831/176 364/839/176 363/840/176
f 362/833/177 359/834/177 361/841/177
f 362/833/177 361/841/177 364/842/177
f 356/816/178 355/815/178 360/843/178
f 355/815/178 363/844/178 360/843/178
f 365/845/179 366/846/179 367/847/179
f 365/845/179 367/847/179 368/848/179
f 340/776/180 339/775/180 341/849/180
f 340/776/180 341/849/180 366/850/180
f 332/768/181 331/767/181 342/851/181
f 331/767/181 365/852/181 342/851/181
f 331/783/182 340/784/182 366/846/182
f 331/783/182 366/846/182 365/845/182
f 369/853/183 370/854/183 371/855/183
f 370/854/183 372/856/183 371/855/183
f 342/851/184 365/852/184 370/857/184
f 365/852/184 368/858/184 370/857/184
f 341/779/185 342/780/185 369/853/185
f 342/780/185 370/854/185 369/853/185
f 366/850/186 341/849/186 369/859/186
f 366/850/186 369/859/186 367/860/186
f 373/861/187 371/862/187 372/863/187
f 373/861/187 372/863/187 374/864/187
f 367/865/188 369/866/188 373/861/188
f 369/866/188 371/862/188 373/861/188
f 368/848/189 367/847/189 374/867/189
f 367/847/189 373/868/189 374/867/189
f 370/857/190 368/858/190 374/869/190
f 370/857/190 374/869/190 372/870/190
f 375/871/191 376/872/191 377/873/191
f 376/872/191 378/874/191 377/873/191
f 379/875/192 380/876/192 381/877/192
f 380/876/192 382/878/192 381/877/192
f 380/876/193 379/875/193 383/879/193
f 380/876/193 383/879/193 384/880/193
f 383/881/194 376/882/194 385/883/194
f 376/882/194 386/884/194 385/883/194
f 377/885/195 380/886/195 375/887/195
f 380/886/195 384/888/195 375/887/195
f 379/889/196 378/890/196 376/882/196
f 379/889/196 376/882/196 383/881/196
f 381/877/192 382/878/192 387/891/192
f 382/878/192 388/892/192 387/891/192
f 380/886/197 377/885/197 389/893/197
f 380/886/197 389/893/197 382/894/197
f 378/890/198 379/889/198 390/895/198
f 379/889/198 381/896/198 390/895/198
f 377/873/199 378/874/199 390/897/199
f 377/873/199 390/897/199 389/898/199
f 388/899/200 391/900/200 392/901/200
f 388/899/200 392/901/200 393/902/200
f 382/894/201 389/893/201 391/900/201
f 382/894/201 391/900/201 388/899/201
f 390/895/202 381/896/202 394/903/202
f 381/896/202 387/904/202 394/903/202
f 389/898/199 390/897/199 394/905/199
f 389/898/199 394/905/199 391/906/199
f 395/907/203 396/908/203 397/909/203
f 395/907/203 397/909/203 398/910/203
f 394/903/204 387/904/204 395/907/204
f 387/904/204 396/908/204 395/907/204
f 391/906/205 394/905/205 392/911/205
f 394/905/205 395/912/205 392/911/205
f 387/891/206 388/892/206 393/913/206
f 387/891/206 393/913/206 396/914/206
f 398/910/207 397/909/207 399/915/207
f 397/909/207 400/916/207 399/915/207
f 392/911/208 395/912/208 398/917/208
f 392/911/208 398/917/208 401/918/208
f 396/914/209 393/913/209 397/919/209
f 393/913/209 402/920/209 397/919/209
f 393/902/210 392/901/210 402/921/210
f 392/901/210 401/922/210 402/921/210
f 403/923/211 399/924/211 404/925/211
f 399/924/211 405/926/211 404/925/211
f 401/918/212 398/917/212 399/924/212
f 401/918/212 399/924/212 403/923/212
f 397/919/213 402/920/213 400/927/213
f 402/920/213 406/928/213 400/927/213
f 402/921/214 401/922/214 406/929/214
f 401/922/214 403/930/214 406/929/214
f 404/931/215 405/932/215 407/933/215
f 405/932/215 408/934/215 407/933/215
f 400/927/216 406/928/216 408/935/216
f 406/928/216 407/936/216 408/935/216
f 406/929/217 403/930/217 404/937/217
f 406/929/217 404/937/217 407/938/217
f 399/915/218 400/916/218 408/939/218
f 399/915/218 408/939/218 405/940/218
f 409/941/219 410/942/219 411/943/219
f 409/941/219 411/943/219 412/944/219
f 384/880/220 383/879/220 385/945/220
f 384/880/220 385/945/220 410/946/220
f 376/872/221 375/871/221 386/947/221
f 375/871/221 409/948/221 386/947/221
f 375/949/222 384/950/222 410/942/222
f 375/949/222 410/942/222 409/941/222
f 413/951/223 414/952/223 415/953/223
f 414/952/223 416/954/223 415/953/223
f 386/947/224 409/948/224 414/955/224
f 409/948/224 412/956/224 414/955/224
f 385/883/225 386/884/225 414/952/225
f 385/883/225 414/952/225 413/951/225
f 410/946/226 385/945/226 413/957/226
f 410/946/226 413/957/226 411/958/226
f 417/959/227 415/953/227 416/954/227
f 417/959/227 416/954/227 418/960/227
f 411/958/228 413/957/228 417/961/228
f 413/957/228 415/962/228 417/961/228
f 412/944/229 411/943/229 417/963/229
f 412/944/229 417/963/229 418/964/229
f 414/955/230 412/956/230 418/965/230
f 414/955/230 418/965/230 416/966/230
s off
g Cube.001
v 0.581855 5.4804 -1.86662
v 0.458726 5.41215 -1.73415
v 0.476816 5.68595 -1.74533
v 0.382493 5.55137 -1.63666
v 0.564633 5.54878 -1.48178
v 0.658956 5.68335 -1.59046
v 0.478004 5.68035 -1.3777
v 0.534465 5.85364 -1.4412
v 0.637117 5.40588 -1.5751
v 0.760246 5.47413 -1.70758
v 0.670145 5.24435 -1.65749
v 0.530989 5.24816 -1.78229
v 0.365733 5.78652 -1.24389
v 0.415124 5.94971 -1.29924
v 0.352325 5.85623 -1.59607
v 0.295863 5.68295 -1.53257
v 0.232984 5.95231 -1.45411
v 0.289522 6.00272 -1.17602
v 0.13243 6.00495 -1.30959
v 0.183592 5.78911 -1.39876
v 0.083576 5.85528 -1.25464
v 0.240668 5.85304 -1.12107
v 0.117013 5.933 -1.07482
v 0.065126 5.93184 -1.11629
v 0.015783 5.9447 -1.05425
v 0.067669 5.94586 -1.01278
v 0.0743 5.98686 -1.12998
v 0.126186 5.98802 -1.08851
v 0.033205 6.01884 -1.07911
v -0.012187 5.98768 -0.999023
v -0.001719 6.03222 -1.01396
v 0.085091 6.02 -1.03764
v 0.01899 5.98838 -0.974102
v 0.029458 6.03292 -0.989038
v 0.638874 5.27009 -1.90005
v 0.77803 5.26627 -1.77525
v 0.741062 5.12974 -1.79539
v 0.658217 5.13201 -1.86969
v 0.679133 5.11997 -1.72793
v 0.596288 5.12224 -1.80223
v 0.636639 5.06077 -1.80457
v 0.675809 5.05969 -1.76944
v 0.707777 5.06815 -1.80444
v 0.668606 5.06922 -1.83957
v 0.370571 5.24652 -1.66153
v 0.378097 5.43974 -1.67743
v 0.28142 5.34688 -1.43655
v 0.31031 5.52207 -1.52393
v 0.094482 5.51687 -1.62262
v 0.065592 5.34168 -1.53523
v 0.031118 5.6127 -1.47181
v -0.018844 5.48419 -1.33553
v 0.162946 5.44096 -1.77805
v 0.155421 5.24773 -1.76215
v 0.254274 5.40338 -1.93311
v 0.422973 5.40219 -1.85553
v -0.028328 5.75331 -1.33464
v -0.076125 5.63792 -1.20491
v 0.196984 5.48938 -1.23685
v 0.246946 5.6179 -1.37313
v 0.139703 5.64312 -1.10623
v -0.102098 5.79369 -1.10896
v 0.084049 5.79817 -1.02385
v 0.187499 5.7585 -1.23595
v 0.127188 5.9093 -1.14153
v -0.058958 5.90482 -1.22664
v -0.042651 5.99663 -1.10093
v 0.01767 6.00053 -1.07476
v -0.059466 6.06978 -1.07155
v 0.000855 6.07368 -1.04538
v 0.002701 5.97004 -1.02798
v -0.05762 5.96615 -1.05415
v -0.018004 6.02471 -0.984163
v -0.045897 6.09065 -0.961197
v -0.034565 6.12008 -0.997979
v -0.078325 6.02081 -1.01034
v -0.07081 6.11774 -1.01371
v -0.082143 6.08831 -0.976925
v 0.430447 5.24178 -1.87581
v 0.261747 5.24298 -1.9534
v 0.444974 5.28807 -2.01238
v 0.34454 5.28878 -2.05857
v 0.339386 5.38001 -2.04436
v 0.43982 5.37929 -1.99817
v 0.390352 5.36831 -2.09415
v 0.437839 5.36798 -2.07231
v 0.391966 5.32019 -2.09838
v 0.439453 5.31985 -2.07654
v 0.189544 5.02321 -1.39799
v 0.21701 5.20165 -1.46808
v 0.14116 5.19001 -1.20047
v 0.178773 5.32969 -1.3366
v -0.044782 5.33245 -1.41236
v -0.082395 5.19278 -1.27623
v -0.07748 5.47195 -1.28764
v -0.124432 5.39243 -1.11539
v -0.005387 5.2099 -1.54758
v -0.032854 5.03146 -1.47749
v 0.060776 5.1204 -1.69509
v 0.23497 5.11336 -1.63396
v -0.102899 5.64992 -1.18898
v -0.147031 5.58087 -1.02694
v 0.099123 5.38967 -1.03962
v 0.146075 5.46919 -1.21187
v 0.076524 5.5781 -0.951171
v 0.049809 5.75516 -0.90997
v -0.143002 5.75754 -0.975317
v 0.120656 5.64716 -1.11321
v 0.090366 5.82398 -1.05875
v -0.102445 5.82636 -1.1241
v -0.060768 5.94342 -1.02937
v 0.001821 5.9446 -1.01024
v -0.002706 6.02425 -1.00079
v -0.065295 6.02306 -1.01992
v -0.01061 5.92992 -0.955106
v -0.073199 5.92874 -0.974238
v -0.019294 5.9963 -0.926174
v -0.026283 6.08595 -0.964822
v -0.036251 6.06916 -0.919987
v -0.081883 5.99512 -0.945305
v -0.073858 6.06844 -0.931483
v -0.063891 6.08523 -0.976318
v 0.221516 4.95453 -1.6094
v 0.047322 4.96157 -1.67053
v 0.224415 4.96124 -1.75591
v 0.120709 4.96543 -1.7923
v 0.127802 5.05658 -1.80361
v 0.231507 5.05239 -1.76721
v 0.219278 5.0229 -1.83571
v 0.170245 5.02489 -1.85292
v 0.16582 4.97781 -1.8437
v 0.214853 4.97583 -1.82649
v -0.506053 5.38466 -1.8928
v -0.397792 5.34069 -1.71949
v -0.494199 5.60024 -1.74148
v -0.37736 5.49016 -1.60536
v -0.187507 5.54851 -1.70207
v -0.304346 5.65859 -1.8382
v -0.161436 5.69126 -1.57539
v -0.260897 5.84577 -1.65627
v -0.203984 5.39621 -1.81087
v -0.312245 5.44019 -1.98418
v -0.215185 5.22467 -1.87846
v -0.366673 5.18014 -1.80751
v -0.107161 5.81477 -1.41163
v -0.197864 5.96103 -1.48231
v -0.450751 5.78743 -1.55956
v -0.351289 5.63292 -1.47867
v -0.387718 5.90269 -1.38559
v -0.139028 6.02972 -1.31107
v -0.302772 5.9794 -1.22766
v -0.297014 5.75643 -1.31491
v -0.216795 5.84595 -1.15767
v -0.053051 5.89627 -1.24108
v -0.07188 5.97067 -1.10667
v -0.122952 5.95294 -1.07791
v -0.033859 5.99365 -1.03319
v -0.084931 5.97592 -1.00443
v -0.151102 6.00272 -1.09261
v -0.10003 6.02045 -1.12137
v -0.127244 6.04187 -1.03181
v -0.057233 6.02814 -0.953696
v -0.082658 6.06777 -0.970144
v -0.076172 6.05961 -1.06056
v -0.026546 6.0388 -0.970974
v -0.05197 6.07843 -0.987422
v -0.450417 5.18219 -1.96009
v -0.298929 5.22671 -2.03104
v -0.371797 5.06095 -1.96388
v -0.281609 5.08745 -2.00612
v -0.234601 5.08892 -1.9186
v -0.324788 5.06241 -1.87636
v -0.295384 5.00781 -1.91439
v -0.252742 5.02034 -1.93436
v -0.278296 5.02279 -1.97962
v -0.320938 5.01025 -1.95965
v 0.959134 5.35783 -1.073
v 0.914176 5.53737 -1.13903
v 0.737331 5.4364 -0.956342
v 0.752644 5.60124 -1.06647
v 0.620505 5.51096 -1.23872
v 0.605192 5.34612 -1.1286
v 0.459959 5.58865 -1.17039
v 0.38734 5.46319 -1.04288
v 0.781633 5.45309 -1.31446
v 0.826591 5.27355 -1.24842
v 0.950266 5.4388 -1.39119
v 1.05494 5.50456 -1.25465
v 0.295929 5.70792 -1.12457
v 0.224457 5.59482 -1.00531
v 0.519479 5.55347 -0.870621
v 0.592098 5.67893 -0.998133
v 0.356596 5.6851 -0.833053
v 0.105357 5.73679 -0.983247
v 0.219324 5.81465 -0.834682
v 0.428068 5.7982 -0.952311
v 0.281982 5.92313 -0.944841
v 0.168015 5.84526 -1.09341
v 0.089486 5.94586 -1.01015
v 0.126382 5.97323 -0.963871
v 0.037621 6.0096 -1.01462
v 0.074517 6.03697 -0.96834
v 0.099118 5.94351 -0.923127
v 0.062222 5.91614 -0.969409
v 0.042256 5.98998 -0.912069
v -0.013567 6.04259 -0.924467
v 0.005817 6.07083 -0.958279
v 0.00536 5.96261 -0.95835
v -0.035737 6.02615 -0.952276
v -0.016353 6.05438 -0.986087
v 1.12106 5.35775 -1.22135
v 1.01639 5.292 -1.35789
v 1.1266 5.35551 -1.42171
v 1.18892 5.39466 -1.34043
v 1.08686 5.43889 -1.43885
v 1.14918 5.47804 -1.35756
v 1.18882 5.46093 -1.41584
v 1.15936 5.44242 -1.45428
v 1.17771 5.3983 -1.44304
v 1.20717 5.41681 -1.4046
vn -0.7519 0.0228 -0.6589
vn 0.7618 -0.0108 0.6477
vn 0.7519 -0.0227 0.6589
vn -0.6007 -0.4573 0.6558
vn 0.5312 0.6051 -0.593
vn -0.508 -0.65 0.5651
vn 0.4331 0.7521 -0.4968
vn -0.4574 -0.7171 0.5259
vn -0.7618 0.0108 -0.6477
vn 0.1949 0.9574 -0.2132
vn 0.3053 0.8879 -0.3442
vn -0.3435 -0.8545 0.3897
vn -0.3609 -0.8298 0.4257
vn -0.2379 -0.9347 0.2641
vn -0.8107 0.0489 -0.5835
vn 0.7068 0.0273 0.7069
vn -0.0865 -0.9869 0.1359
vn -0.948 0.181 -0.2616
vn 0.4475 0.1677 0.8784
vn -0.0574 0.9956 0.0746
vn -0.8765 0.0453 -0.4792
vn -0.7848 -0.0232 -0.6194
vn 0.7848 0.0232 0.6194
vn 0.262 0.8982 -0.353
vn -0.5832 0.3781 0.719
vn 0.6671 0.0911 0.7394
vn 0.0977 0.9839 -0.1498
vn -0.3487 -0.817 0.4592
vn 0.6649 -0.0704 -0.7436
vn 0.7531 -0.156 0.6391
vn -0.714 -0.0955 -0.6936
vn 0.6435 0.2867 -0.7097
vn -0.6105 -0.4262 0.6676
vn -0.6924 -0.2487 -0.6773
vn -0.6114 -0.423 0.6688
vn 0.7292 -0.2929 0.6184
vn 0.1024 -0.9842 -0.1443
vn 0.6988 -0.443 0.5617
vn 0.6442 -0.2415 -0.7257
vn -0.6364 -0.4064 -0.6556
vn 0.926 0.0142 0.3771
vn -0.9285 -0.0315 -0.3701
vn -0.9261 -0.0142 -0.3771
vn 0.0913 0.9788 -0.1834
vn -0.1488 -0.9285 0.3403
vn 0.1712 0.9055 -0.3883
vn -0.2116 -0.8357 0.5068
vn 0.1929 0.8628 -0.4672
vn 0.9285 0.0315 0.3701
vn -0.341 -0.5336 0.7739
vn -0.2912 -0.6801 0.6728
vn 0.2703 0.7284 -0.6295
vn 0.2463 0.7591 -0.6026
vn 0.3234 0.5917 -0.7384
vn 0.9016 0.0983 0.4213
vn -0.948 0.0352 -0.3162
vn 0.3391 0.4167 -0.8434
vn 0.7176 0.3819 0.5824
vn -0.9545 0.2833 -0.0933
vn -0.4002 -0.1752 0.8995
vn 0.8715 0.2152 0.4406
vn 0.9345 0.0751 0.348
vn -0.9345 -0.0751 -0.348
vn -0.262 -0.6621 0.7022
vn -0.2866 0.7893 0.5431
vn -0.9673 0.0665 -0.2448
vn -0.3351 -0.4331 0.8367
vn 0.2102 0.7725 -0.5992
vn 0.1337 -0.9428 -0.3053
vn -0.8681 0.0063 -0.4963
vn 0.9661 -0.0033 0.2583
vn -0.0144 -0.9997 0.0175
vn 0.0771 0.9853 -0.1525
vn 0.9928 0.0341 0.1144
vn 0.0756 0.9859 -0.1493
vn -0.7915 0.0438 -0.6095
vn 0.4165 0.0934 -0.9043
vn -0.6789 0.0638 -0.7315
vn 0.2002 -0.871 -0.4487
vn 0.9974 0.0545 -0.046
vn 0.9621 -0.0206 0.2718
vn -0.9655 0.0064 -0.2602
vn -0.9621 0.0207 -0.2718
vn 0.1915 0.8749 -0.4449
vn -0.2233 -0.7789 0.5861
vn 0.2369 0.7415 -0.6277
vn -0.2541 -0.6386 0.7263
vn 0.2436 0.6775 -0.694
vn 0.9655 -0.0064 0.2602
vn -0.3128 -0.2598 0.9136
vn -0.2939 -0.4348 0.8512
vn 0.2843 0.4956 -0.8207
vn 0.2675 0.5356 -0.801
vn 0.3069 0.3278 -0.8935
vn 0.9533 0.0744 0.2928
vn -0.9703 0.0868 -0.2259
vn 0.2876 0.1289 -0.949
vn 0.8263 0.4123 0.3836
vn -0.92 0.3831 -0.0822
vn -0.3109 0.1284 0.9417
vn 0.9395 0.1947 0.2818
vn 0.9735 0.0284 0.2271
vn -0.9735 -0.0284 -0.2271
vn -0.2589 -0.4142 0.8726
vn -0.1173 0.9383 0.3253
vn -0.9765 0.1381 -0.1654
vn -0.2866 -0.1471 0.9467
vn 0.2335 0.5548 -0.7985
vn -0.0241 -0.9986 -0.0462
vn -0.9187 0.0006 -0.395
vn 0.9841 -0.0742 0.1611
vn -0.1382 -0.9481 0.2865
vn 0.182 0.891 -0.416
vn 0.9967 -0.08 0.0135
vn 0.181 0.8925 -0.4131
vn -0.8543 -0.0044 -0.5198
vn 0.3161 -0.2109 -0.925
vn -0.7575 -0.0337 -0.652
vn 0.033 -0.9779 -0.2066
vn 0.9843 -0.1033 -0.1432
vn -0.8376 -0.2709 0.4744
vn 0.8285 0.2793 -0.4853
vn 0.8376 0.271 -0.4744
vn 0.4796 -0.3486 0.8053
vn -0.4961 0.506 -0.7056
vn 0.4931 -0.5551 0.6698
vn -0.4914 0.663 -0.5648
vn 0.4983 -0.6246 0.6013
vn -0.8285 -0.2793 0.4853
vn -0.389 0.8934 -0.2247
vn -0.4426 0.813 -0.3783
vn 0.459 -0.7758 0.433
vn 0.4784 -0.7456 0.4639
vn 0.4108 -0.8665 0.2837
vn -0.8049 -0.2342 0.5453
vn 0.8472 0.323 -0.4219
vn 0.3739 -0.9226 0.0951
vn -0.6433 -0.0475 0.7641
vn 0.8688 0.4723 -0.149
vn -0.25 0.9625 0.1051
vn -0.7456 -0.2168 0.6302
vn -0.8041 -0.3037 0.5111
vn 0.8041 0.3037 -0.5111
vn -0.473 0.8135 -0.3383
vn 0.2778 0.5148 0.811
vn 0.8427 0.3839 -0.3776
vn -0.3809 0.918 -0.1102
vn 0.5123 -0.7226 0.4641
vn -0.3641 -0.2077 -0.9079
vn 0.861 0.1493 -0.4862
vn -0.8196 -0.3795 0.4293
vn -0.4581 0.1638 -0.8737
vn 0.4768 -0.3148 0.8207
vn -0.7575 -0.507 0.4113
vn 0.4765 -0.3113 0.8222
vn 0.8781 0.0198 -0.4781
vn 0.2049 -0.9643 -0.1677
vn 0.869 -0.1351 -0.4759
vn -0.3006 -0.3748 -0.877
vn -0.6794 -0.6356 0.3666
vn 0.5226 0.4235 0.7399
vn -0.5234 -0.4392 -0.7302
vn -0.5227 -0.4235 -0.7399
vn -0.092 0.9229 -0.3739
vn -0.0457 -0.8784 0.4758
vn 0.0933 0.8595 -0.5026
vn -0.2022 -0.7951 0.5718
vn 0.1609 0.8181 -0.5521
vn 0.5234 0.4392 0.7302
vn -0.512 -0.5341 0.6727
vn -0.3862 -0.6614 0.6429
vn 0.3363 0.7032 -0.6265
vn 0.2965 0.7253 -0.6213
vn 0.4661 0.5847 -0.664
vn 0.4566 0.4914 0.7416
vn -0.5869 -0.3832 -0.7132
vn 0.5739 0.4176 -0.7045
vn 0.1608 0.6783 0.717
vn -0.7908 -0.1368 -0.5965
vn -0.7122 -0.2158 0.668
vn 0.3916 0.5833 0.7116
vn 0.5275 0.4784 0.702
vn -0.5275 -0.4784 -0.702
vn -0.3824 -0.629 0.6768
vn -0.7115 0.6836 0.163
vn -0.6504 -0.3566 -0.6707
vn -0.5634 -0.4317 0.7044
vn 0.2632 0.7238 -0.6379
vn 0.5094 -0.8602 0.0237
vn -0.4205 -0.3921 -0.8182
vn 0.6234 0.4141 0.6633
vn 0.2426 -0.9334 0.2645
vn -0.1206 0.9274 -0.3542
vn 0.7126 0.4463 0.5413
vn -0.1235 0.9278 -0.3521
vn -0.3135 -0.3386 -0.8872
vn 0.7494 0.1473 -0.6455
vn -0.1721 -0.2881 -0.942
vn 0.6155 -0.7824 -0.095
vn 0.799 0.4523 0.3964
vt 0.309113 0.144888
vt 0.287443 0.133557
vt 0.314964 0.113568
vt 0.290113 0.111118
vt 0.479728 0.486236
vt 0.4553 0.489945
vt 0.478459 0.463581
vt 0.455222 0.458806
vt 0.48341 0.507968
vt 0.462344 0.520319
vt 0.627283 0.313542
vt 0.654473 0.313655
vt 0.631435 0.335204
vt 0.652706 0.335436
vt 0.456378 0.645046
vt 0.483451 0.645142
vt 0.482394 0.677025
vt 0.455497 0.67715
vt 0.626424 0.29047
vt 0.653749 0.290399
vt 0.482793 0.439075
vt 0.461387 0.434022
vt 0.483516 0.612781
vt 0.456443 0.612685
vt 0.653687 0.266755
vt 0.626362 0.266826
vt 0.291084 0.088121
vt 0.314608 0.082048
vt 0.482305 0.587412
vt 0.455233 0.587316
vt 0.478572 0.566583
vt 0.455222 0.566501
vt 0.654473 0.241794
vt 0.627148 0.241866
vt 0.286342 0.063549
vt 0.308002 0.057292
vt 0.653922 0.220316
vt 0.630355 0.220378
vt 0.63819 0.203079
vt 0.645828 0.203042
vt 0.298088 0.037374
vt 0.277758 0.042608
vt 0.47043 0.412913
vt 0.490512 0.417025
vt 0.806268 0.96305
vt 0.799499 0.962061
vt 0.806268 0.953331
vt 0.799499 0.952342
vt 0.274722 0.027572
vt 0.281307 0.024606
vt 0.491136 0.398153
vt 0.484576 0.395553
vt 0.775804 0.860689
vt 0.756343 0.860689
vt 0.773461 0.839985
vt 0.767131 0.839654
vt 0.278794 0.016064
vt 0.269231 0.019317
vt 0.268135 0.010691
vt 0.273881 0.008737
vt 0.496466 0.38973
vt 0.486953 0.386996
vt 0.912238 0.166975
vt 0.90466 0.166643
vt 0.90466 0.15785
vt 0.912238 0.158183
vt 0.974769 0.576939
vt 0.974769 0.572
vt 0.978083 0.573877
vt 0.978083 0.578816
vt 0.4915 0.37875
vt 0.497217 0.380393
vt 0.905763 0.149988
vt 0.910317 0.150187
vt 0.960049 0.361276
vt 0.952411 0.361276
vt 0.958675 0.352101
vt 0.954086 0.352101
vt 0.455222 0.700442
vt 0.476268 0.700203
vt 0.469003 0.710744
vt 0.456473 0.710886
vt 0.491159 0.527173
vt 0.476141 0.540908
vt 0.278909 0.155025
vt 0.294435 0.16809
vt 0.636653 0.351417
vt 0.649316 0.351555
vt 0.646377 0.359404
vt 0.64039 0.359339
vt 0.271712 0.17137
vt 0.28035 0.179088
vt 0.497217 0.54094
vt 0.488871 0.549027
vt 0.913189 0.078309
vt 0.907111 0.078124
vt 0.907299 0.072795
vt 0.913378 0.07298
vt 0.916423 0.084919
vt 0.90483 0.084919
vt 0.458191 0.714561
vt 0.464115 0.714493
vt 0.272927 0.18334
vt 0.268135 0.179621
vt 0.437571 0.139837
vt 0.415885 0.130673
vt 0.443418 0.111363
vt 0.418557 0.109839
vt 0.033645 0.464669
vt 0.008737 0.46587
vt 0.034384 0.443435
vt 0.01143 0.436838
vt 0.035514 0.485566
vt 0.013024 0.494542
vt 0.665115 0.5086
vt 0.692739 0.50899
vt 0.66781 0.52822
vt 0.68941 0.528655
vt 0.574158 0.68871
vt 0.601668 0.689343
vt 0.574979 0.718976
vt 0.602553 0.719228
vt 0.66493 0.486607
vt 0.692545 0.48664
vt 0.040925 0.420993
vt 0.019838 0.414306
vt 0.574328 0.656964
vt 0.601839 0.657597
vt 0.665102 0.463509
vt 0.692718 0.463542
vt 0.419526 0.088819
vt 0.443058 0.082601
vt 0.602553 0.631445
vt 0.575042 0.630812
vt 0.60165 0.609057
vt 0.577923 0.608512
vt 0.692739 0.437924
vt 0.665124 0.437891
vt 0.41478 0.066526
vt 0.436448 0.060193
vt 0.690736 0.414931
vt 0.666918 0.414903
vt 0.674481 0.397395
vt 0.682138 0.397312
vt 0.426543 0.04103
vt 0.406207 0.046391
vt 0.031261 0.396806
vt 0.0511 0.402494
vt 0.674096 0.388092
vt 0.681753 0.38801
vt 0.40324 0.027004
vt 0.409824 0.024298
vt 0.84966 0.262944
vt 0.84966 0.243599
vt 0.866971 0.257659
vt 0.867994 0.25083
vt 0.595406 0.59109
vt 0.587801 0.590813
vt 0.407311 0.016473
vt 0.397748 0.019437
vt 0.402411 0.008737
vt 0.396665 0.010518
vt 0.549591 0.677316
vt 0.556491 0.677621
vt 0.546757 0.686571
vt 0.556491 0.686079
vt 0.588217 0.581715
vt 0.595823 0.581992
vt 0.978218 0.609299
vt 0.978218 0.614935
vt 0.974678 0.613814
vt 0.974678 0.608179
vt 0.547774 0.69436
vt 0.553623 0.694065
vt 0.590471 0.573055
vt 0.595041 0.573222
vt 0.675563 0.378799
vt 0.680164 0.37875
vt 0.668012 0.763116
vt 0.68678 0.762967
vt 0.669125 0.779506
vt 0.680298 0.779417
vt 0.04232 0.50634
vt 0.025834 0.517293
vt 0.407375 0.148541
vt 0.422913 0.159586
vt 0.66493 0.735646
vt 0.688951 0.735646
vt 0.671845 0.542775
vt 0.684705 0.543034
vt 0.675029 0.549906
vt 0.681109 0.550029
vt 0.400214 0.160729
vt 0.408858 0.167267
vt 0.048205 0.522785
vt 0.038998 0.529277
vt 0.674957 0.554404
vt 0.681037 0.554526
vt 0.046037 0.53446
vt 0.0511 0.531357
vt 0.670179 0.786578
vt 0.675462 0.786537
vt 0.40146 0.169199
vt 0.396665 0.166065
vt 0.273715 0.418294
vt 0.295277 0.429369
vt 0.268135 0.444733
vt 0.292615 0.448953
vt 0.543544 0.266439
vt 0.519449 0.269551
vt 0.544805 0.245756
vt 0.522797 0.241141
vt 0.5449 0.286615
vt 0.52277 0.297044
vt 0.132496 0.675711
vt 0.160088 0.676267
vt 0.13478 0.697998
vt 0.156352 0.69858
vt 0.203833 0.668611
vt 0.231189 0.668318
vt 0.204937 0.701165
vt 0.232396 0.700741
vt 0.132482 0.652496
vt 0.160025 0.652943
vt 0.551701 0.223446
vt 0.5315 0.218598
vt 0.204014 0.636467
vt 0.231371 0.636174
vt 0.1327 0.628952
vt 0.160243 0.629399
vt 0.291721 0.468869
vt 0.268572 0.472173
vt 0.232396 0.61166
vt 0.205039 0.611953
vt 0.208376 0.59229
vt 0.231971 0.592038
vt 0.132482 0.604618
vt 0.160025 0.605066
vt 0.296458 0.490635
vt 0.275144 0.494255
vt 0.157603 0.584492
vt 0.133847 0.584107
vt 0.141275 0.567292
vt 0.148895 0.56743
vt 0.28453 0.513771
vt 0.304536 0.510928
vt 0.543372 0.200814
vt 0.562393 0.204789
vt 0.148237 0.559739
vt 0.140617 0.5596
vt 0.305603 0.530445
vt 0.299191 0.532266
vt 0.66493 0.866536
vt 0.66493 0.846025
vt 0.682264 0.86238
vt 0.683289 0.855268
vt 0.226536 0.57904
vt 0.21899 0.579126
vt 0.301655 0.540012
vt 0.310968 0.538288
vt 0.311703 0.54704
vt 0.306107 0.548076
vt 0.270748 0.870425
vt 0.27711 0.870271
vt 0.268135 0.879923
vt 0.27711 0.878778
vt 0.22707 0.570571
vt 0.219524 0.570658
vt 0.978477 0.203691
vt 0.978477 0.209638
vt 0.97499 0.203042
vt 0.97499 0.208989
vt 0.274143 0.887039
vt 0.268751 0.887726
vt 0.226532 0.56325
vt 0.221997 0.563302
vt 0.1466 0.550705
vt 0.142022 0.550622
vt 0.358079 0.773668
vt 0.376497 0.773668
vt 0.361004 0.790956
vt 0.371968 0.790956
vt 0.551562 0.306433
vt 0.535219 0.318324
vt 0.302949 0.413541
vt 0.287475 0.401344
vt 0.231092 0.725389
vt 0.209625 0.725867
vt 0.138471 0.714775
vt 0.151314 0.715121
vt 0.14756 0.723152
vt 0.141488 0.722988
vt 0.308988 0.403095
vt 0.300372 0.395937
vt 0.557704 0.32219
vt 0.548562 0.329193
vt 0.555947 0.333876
vt 0.560956 0.330476
vt 0.557384 0.336863
vt 0.562393 0.333463
vt 0.367983 0.798779
vt 0.362799 0.798779
vt 0.306932 0.39519
vt 0.311703 0.398695
vt 0.137489 0.236972
vt 0.153695 0.250376
vt 0.132482 0.268155
vt 0.151712 0.272936
vt 0.76397 0.443918
vt 0.782115 0.439029
vt 0.764598 0.467128
vt 0.781745 0.471005
vt 0.761777 0.4217
vt 0.777087 0.408207
vt 0.420614 0.781703
vt 0.394818 0.783823
vt 0.420614 0.762477
vt 0.40046 0.764005
vt 0.340605 0.811793
vt 0.314381 0.806845
vt 0.340117 0.785019
vt 0.314172 0.779664
vt 0.763077 0.306388
vt 0.790631 0.307413
vt 0.79113 0.32682
vt 0.763649 0.325228
vt 0.761052 0.492487
vt 0.776838 0.49673
vt 0.80107 0.70973
vt 0.827407 0.707489
vt 0.79985 0.739625
vt 0.826187 0.737384
vt 0.763116 0.285808
vt 0.79067 0.286833
vt 0.150797 0.296173
vt 0.132535 0.30016
vt 0.80079 0.765473
vt 0.827127 0.763231
vt 0.804692 0.78821
vt 0.827407 0.786277
vt 0.763576 0.261245
vt 0.79113 0.26227
vt 0.154295 0.321536
vt 0.137475 0.325881
vt 0.789951 0.238892
vt 0.766186 0.238008
vt 0.773934 0.221782
vt 0.781609 0.22188
vt 0.146141 0.347211
vt 0.161924 0.34378
vt 0.7709 0.518529
vt 0.756081 0.515194
vt 0.774087 0.211732
vt 0.781762 0.21183
vt 0.169302 0.360261
vt 0.164011 0.36263
vt 0.373709 0.602916
vt 0.373709 0.622808
vt 0.360624 0.60978
vt 0.35994 0.616864
vt 0.816329 0.807388
vt 0.823744 0.806929
vt 0.165985 0.371543
vt 0.173664 0.369173
vt 0.175414 0.378202
vt 0.170799 0.379626
vt 0.905612 0.724739
vt 0.911073 0.725411
vt 0.904378 0.734536
vt 0.911983 0.734494
vt 0.823992 0.815976
vt 0.816577 0.816436
vt 0.541306 0.36017
vt 0.541306 0.354337
vt 0.54569 0.354749
vt 0.54569 0.360582
vt 0.907414 0.743445
vt 0.911983 0.74342
vt 0.823412 0.825229
vt 0.818957 0.825505
vt 0.780265 0.203101
vt 0.775653 0.203042
vt 0.340605 0.758059
vt 0.320307 0.75401
vt 0.340348 0.740392
vt 0.328263 0.737982
vt 0.757989 0.401872
vt 0.76894 0.387198
vt 0.162218 0.229714
vt 0.150676 0.215099
vt 0.418531 0.747708
vt 0.406533 0.748618
vt 0.410717 0.741044
vt 0.41639 0.740614
vt 0.170532 0.214284
vt 0.164129 0.2057
vt 0.756081 0.387366
vt 0.762158 0.37875
vt 0.207857 0.918239
vt 0.207871 0.912722
vt 0.21393 0.912513
vt 0.213915 0.91803
vt 0.203833 0.918348
vt 0.203833 0.907487
vt 0.339296 0.732223
vt 0.333582 0.731083
vt 0.171838 0.20243
vt 0.175414 0.206625
vt 0.371561 0.338761
vt 0.349796 0.327748
vt 0.377344 0.306968
vt 0.35248 0.304953
vt 0.098274 0.115961
vt 0.073769 0.117237
vt 0.097393 0.092744
vt 0.074225 0.085496
vt 0.101735 0.138529
vt 0.08015 0.14887
vt 0.581079 0.138591
vt 0.608689 0.139074
vt 0.584031 0.158764
vt 0.605622 0.159276
vt 0.716729 0.124276
vt 0.744344 0.124544
vt 0.717173 0.154741
vt 0.7448 0.154641
vt 0.580777 0.116266
vt 0.608403 0.116429
vt 0.102149 0.068214
vt 0.080818 0.060871
vt 0.716884 0.092424
vt 0.7445 0.092692
vt 0.608535 0.093116
vt 0.580909 0.092952
vt 0.353428 0.28165
vt 0.376954 0.275061
vt 0.7448 0.066559
vt 0.717184 0.066292
vt 0.743271 0.044285
vt 0.719453 0.044054
vt 0.608689 0.067543
vt 0.581063 0.067379
vt 0.348658 0.256861
vt 0.370321 0.25012
vt 0.606933 0.044787
vt 0.583106 0.044646
vt 0.590732 0.027157
vt 0.598403 0.027127
vt 0.360548 0.230016
vt 0.340215 0.235696
vt 0.090899 0.04048
vt 0.110922 0.046729
vt 0.590509 0.018052
vt 0.598179 0.018023
vt 0.337917 0.219974
vt 0.344477 0.216866
vt 0.114529 0.028329
vt 0.108111 0.025036
vt 0.735984 0.026629
vt 0.728327 0.026459
vt 0.341967 0.208255
vt 0.33244 0.211701
vt 0.337201 0.200814
vt 0.331476 0.202884
vt 0.119906 0.020263
vt 0.110583 0.016544
vt 0.728587 0.017369
vt 0.736244 0.017539
vt 0.459811 0.972829
vt 0.459811 0.97872
vt 0.455222 0.97271
vt 0.455222 0.9786
vt 0.115725 0.008737
vt 0.121327 0.010971
vt 0.735144 0.008839
vt 0.730543 0.008737
vt 0.596616 0.008737
vt 0.592007 0.008755
vt 0.075399 0.759196
vt 0.096971 0.759055
vt 0.092575 0.776237
vt 0.079733 0.776321
vt 0.110239 0.159205
vt 0.094746 0.171597
vt 0.341541 0.349453
vt 0.357144 0.362349
vt 0.072078 0.732316
vt 0.099668 0.732316
vt 0.58828 0.173773
vt 0.601134 0.174078
vt 0.597645 0.181273
vt 0.591567 0.181129
vt 0.334744 0.365853
vt 0.343427 0.373481
vt 0.117592 0.174298
vt 0.108966 0.181644
vt 0.591351 0.185425
vt 0.597429 0.185569
vt 0.116551 0.184956
vt 0.121327 0.181447
vt 0.089099 0.783932
vt 0.083027 0.783971
vt 0.33629 0.377717
vt 0.331477 0.374052
usemtl 
f 419/967/231 420/968/231 421/969/231
f 420/968/231 422/970/231 421/969/231
f 423/971/232 424/972/232 425/973/232
f 424/972/232 426/974/232 425/973/232
f 424/972/233 423/971/233 427/975/233
f 424/972/233 427/975/233 428/976/233
f 427/977/234 420/978/234 429/979/234
f 420/978/234 430/980/234 429/979/234
f 421/981/235 424/982/235 428/983/235
f 421/981/235 428/983/235 419/984/235
f 423/985/236 422/986/236 427/977/236
f 422/986/236 420/978/236 427/977/236
f 425/973/232 426/974/232 431/987/232
f 426/974/232 432/988/232 431/987/232
f 424/982/237 421/981/237 426/989/237
f 421/981/237 433/990/237 426/989/237
f 422/986/238 423/985/238 434/991/238
f 423/985/238 425/992/238 434/991/238
f 421/969/239 422/970/239 434/993/239
f 421/969/239 434/993/239 433/994/239
f 432/995/240 435/996/240 436/997/240
f 435/996/240 437/998/240 436/997/240
f 426/989/241 433/990/241 432/995/241
f 433/990/241 435/996/241 432/995/241
f 434/991/242 425/992/242 438/999/242
f 425/992/242 431/1000/242 438/999/242
f 433/994/239 434/993/239 438/1001/239
f 433/994/239 438/1001/239 435/1002/239
f 439/1003/243 440/1004/243 441/1005/243
f 439/1003/243 441/1005/243 442/1006/243
f 438/999/244 431/1000/244 440/1004/244
f 438/999/244 440/1004/244 439/1003/244
f 435/1002/245 438/1001/245 437/1007/245
f 438/1001/245 439/1008/245 437/1007/245
f 431/987/246 432/988/246 436/1009/246
f 431/987/246 436/1009/246 440/1010/246
f 442/1011/247 441/1012/247 443/1013/247
f 441/1012/247 444/1014/247 443/1013/247
f 437/1007/248 439/1008/248 442/1015/248
f 437/1007/248 442/1015/248 445/1016/248
f 440/1010/249 436/1009/249 441/1017/249
f 436/1009/249 446/1018/249 441/1017/249
f 436/1019/250 437/1020/250 446/1021/250
f 437/1020/250 445/1022/250 446/1021/250
f 447/1023/251 443/1024/251 448/1025/251
f 447/1023/251 448/1025/251 449/1026/251
f 445/1016/252 442/1015/252 443/1024/252
f 445/1016/252 443/1024/252 447/1023/252
f 441/1017/253 446/1018/253 444/1027/253
f 446/1018/253 450/1028/253 444/1027/253
f 446/1029/254 445/1030/254 447/1031/254
f 446/1029/254 447/1031/254 450/1032/254
f 449/1033/255 448/1034/255 451/1035/255
f 449/1033/255 451/1035/255 452/1036/255
f 444/1027/256 450/1028/256 452/1037/256
f 444/1027/256 452/1037/256 451/1038/256
f 450/1032/257 447/1031/257 449/1039/257
f 450/1032/257 449/1039/257 452/1040/257
f 443/1041/258 444/1042/258 448/1043/258
f 444/1042/258 451/1044/258 448/1043/258
f 453/1045/259 454/1046/259 455/1047/259
f 453/1045/259 455/1047/259 456/1048/259
f 428/976/260 427/975/260 429/1049/260
f 428/976/260 429/1049/260 454/1050/260
f 420/968/261 419/967/261 430/1051/261
f 419/967/261 453/1052/261 430/1051/261
f 419/984/262 428/983/262 454/1046/262
f 419/984/262 454/1046/262 453/1045/262
f 457/1053/263 458/1054/263 459/1055/263
f 457/1053/263 459/1055/263 460/1056/263
f 430/1051/264 453/1052/264 458/1057/264
f 453/1052/264 456/1058/264 458/1057/264
f 429/979/265 430/980/265 458/1054/265
f 429/979/265 458/1054/265 457/1053/265
f 454/1050/266 429/1049/266 457/1059/266
f 454/1050/266 457/1059/266 455/1060/266
f 461/1061/267 460/1062/267 459/1063/267
f 461/1061/267 459/1063/267 462/1064/267
f 455/1065/268 457/1066/268 461/1061/268
f 457/1066/268 460/1062/268 461/1061/268
f 456/1048/269 455/1047/269 462/1067/269
f 455/1047/269 461/1068/269 462/1067/269
f 458/1057/270 456/1058/270 462/1069/270
f 458/1057/270 462/1069/270 459/1070/270
f 463/1071/271 464/1072/271 465/1073/271
f 464/1072/271 466/1074/271 465/1073/271
f 467/1075/272 468/1076/272 469/1077/272
f 468/1076/272 470/1078/272 469/1077/272
f 468/1076/273 467/1075/273 471/1079/273
f 468/1076/273 471/1079/273 472/1080/273
f 471/1081/274 464/1082/274 473/1083/274
f 464/1082/274 474/1084/274 473/1083/274
f 465/1085/275 468/1086/275 463/1087/275
f 468/1086/275 472/1088/275 463/1087/275
f 467/1089/276 466/1090/276 464/1082/276
f 467/1089/276 464/1082/276 471/1081/276
f 469/1077/272 470/1078/272 475/1091/272
f 470/1078/272 476/1092/272 475/1091/272
f 468/1086/277 465/1085/277 477/1093/277
f 468/1086/277 477/1093/277 470/1094/277
f 466/1090/278 467/1089/278 469/1095/278
f 466/1090/278 469/1095/278 478/1096/278
f 465/1073/279 466/1074/279 478/1097/279
f 465/1073/279 478/1097/279 477/1098/279
f 476/1099/280 479/1100/280 480/1101/280
f 479/1100/280 481/1102/280 480/1101/280
f 470/1094/281 477/1093/281 479/1100/281
f 470/1094/281 479/1100/281 476/1099/281
f 478/1096/282 469/1095/282 482/1103/282
f 469/1095/282 475/1104/282 482/1103/282
f 477/1098/279 478/1097/279 482/1105/279
f 477/1098/279 482/1105/279 479/1106/279
f 483/1107/283 484/1108/283 485/1109/283
f 483/1107/283 485/1109/283 486/1110/283
f 482/1103/284 475/1104/284 484/1108/284
f 482/1103/284 484/1108/284 483/1107/284
f 479/1106/285 482/1105/285 481/1111/285
f 482/1105/285 483/1112/285 481/1111/285
f 475/1091/286 476/1092/286 480/1113/286
f 475/1091/286 480/1113/286 484/1114/286
f 486/1110/287 485/1109/287 487/1115/287
f 486/1110/287 487/1115/287 488/1116/287
f 481/1111/288 483/1112/288 486/1117/288
f 481/1111/288 486/1117/288 489/1118/288
f 484/1119/289 480/1120/289 485/1121/289
f 480/1120/289 490/1122/289 485/1121/289
f 480/1101/290 481/1102/290 490/1123/290
f 481/1102/290 489/1124/290 490/1123/290
f 491/1125/291 488/1126/291 492/1127/291
f 488/1126/291 493/1128/291 492/1127/291
f 489/1118/292 486/1117/292 488/1126/292
f 489/1118/292 488/1126/292 491/1125/292
f 485/1129/293 490/1130/293 487/1131/293
f 490/1130/293 494/1132/293 487/1131/293
f 490/1123/294 489/1124/294 491/1133/294
f 490/1123/294 491/1133/294 494/1134/294
f 492/1135/295 493/1136/295 495/1137/295
f 492/1135/295 495/1137/295 496/1138/295
f 487/1131/296 494/1132/296 495/1139/296
f 494/1132/296 496/1140/296 495/1139/296
f 494/1134/297 491/1133/297 492/1141/297
f 494/1134/297 492/1141/297 496/1142/297
f 488/1116/298 487/1115/298 495/1143/298
f 488/1116/298 495/1143/298 493/1144/298
f 497/1145/299 498/1146/299 499/1147/299
f 498/1146/299 500/1148/299 499/1147/299
f 472/1080/300 471/1079/300 473/1149/300
f 472/1080/300 473/1149/300 498/1150/300
f 464/1072/301 463/1071/301 474/1151/301
f 463/1071/301 497/1152/301 474/1151/301
f 463/1153/302 472/1154/302 498/1146/302
f 463/1153/302 498/1146/302 497/1145/302
f 501/1155/303 502/1156/303 503/1157/303
f 502/1156/303 504/1158/303 503/1157/303
f 474/1151/304 497/1152/304 502/1159/304
f 497/1152/304 499/1160/304 502/1159/304
f 473/1083/305 474/1084/305 501/1155/305
f 474/1084/305 502/1156/305 501/1155/305
f 498/1150/306 473/1149/306 501/1161/306
f 498/1150/306 501/1161/306 500/1162/306
f 505/1163/307 503/1157/307 506/1164/307
f 503/1157/307 504/1158/307 506/1164/307
f 500/1162/308 501/1161/308 505/1165/308
f 501/1161/308 503/1166/308 505/1165/308
f 499/1147/309 500/1148/309 506/1167/309
f 500/1148/309 505/1168/309 506/1167/309
f 502/1159/310 499/1160/310 506/1169/310
f 502/1159/310 506/1169/310 504/1170/310
f 507/1171/311 508/1172/311 509/1173/311
f 508/1172/311 510/1174/311 509/1173/311
f 511/1175/312 512/1176/312 513/1177/312
f 512/1176/312 514/1178/312 513/1177/312
f 512/1176/313 511/1175/313 515/1179/313
f 512/1176/313 515/1179/313 516/1180/313
f 515/1181/314 508/1182/314 517/1183/314
f 508/1182/314 518/1184/314 517/1183/314
f 509/1185/315 512/1186/315 507/1187/315
f 512/1186/315 516/1188/315 507/1187/315
f 511/1189/316 510/1190/316 508/1182/316
f 511/1189/316 508/1182/316 515/1181/316
f 513/1177/312 514/1178/312 519/1191/312
f 514/1178/312 520/1192/312 519/1191/312
f 512/1186/317 509/1185/317 521/1193/317
f 512/1186/317 521/1193/317 514/1194/317
f 510/1190/318 511/1189/318 513/1195/318
f 510/1190/318 513/1195/318 522/1196/318
f 509/1173/319 510/1174/319 522/1197/319
f 509/1173/319 522/1197/319 521/1198/319
f 520/1199/320 523/1200/320 524/1201/320
f 520/1199/320 524/1201/320 525/1202/320
f 514/1194/321 521/1193/321 523/1200/321
f 514/1194/321 523/1200/321 520/1199/321
f 522/1196/322 513/1195/322 519/1203/322
f 522/1196/322 519/1203/322 526/1204/322
f 521/1198/319 522/1197/319 526/1205/319
f 521/1198/319 526/1205/319 523/1206/319
f 527/1207/323 528/1208/323 529/1209/323
f 527/1207/323 529/1209/323 530/1210/323
f 526/1204/324 519/1203/324 527/1207/324
f 519/1203/324 528/1208/324 527/1207/324
f 523/1206/325 526/1205/325 524/1211/325
f 526/1205/325 527/1212/325 524/1211/325
f 519/1191/326 520/1192/326 525/1213/326
f 519/1191/326 525/1213/326 528/1214/326
f 530/1210/327 529/1209/327 531/1215/327
f 529/1209/327 532/1216/327 531/1215/327
f 524/1211/328 527/1212/328 530/1217/328
f 524/1211/328 530/1217/328 533/1218/328
f 528/1219/329 525/1220/329 529/1221/329
f 525/1220/329 534/1222/329 529/1221/329
f 525/1202/330 524/1201/330 534/1223/330
f 524/1201/330 533/1224/330 534/1223/330
f 535/1225/331 531/1226/331 536/1227/331
f 535/1225/331 536/1227/331 537/1228/331
f 533/1218/332 530/1217/332 531/1226/332
f 533/1218/332 531/1226/332 535/1225/332
f 529/1229/333 534/1230/333 532/1231/333
f 534/1230/333 538/1232/333 532/1231/333
f 534/1223/334 533/1224/334 538/1233/334
f 533/1224/334 535/1234/334 538/1233/334
f 537/1235/335 536/1236/335 539/1237/335
f 536/1236/335 540/1238/335 539/1237/335
f 532/1231/336 538/1232/336 539/1239/336
f 532/1231/336 539/1239/336 540/1240/336
f 538/1233/337 535/1234/337 539/1241/337
f 535/1234/337 537/1242/337 539/1241/337
f 531/1215/338 532/1216/338 536/1243/338
f 532/1216/338 540/1244/338 536/1243/338
f 541/1245/339 542/1246/339 543/1247/339
f 542/1246/339 544/1248/339 543/1247/339
f 516/1180/340 515/1179/340 517/1249/340
f 516/1180/340 517/1249/340 542/1250/340
f 508/1172/341 507/1171/341 518/1251/341
f 507/1171/341 541/1252/341 518/1251/341
f 507/1187/342 516/1188/342 542/1253/342
f 507/1187/342 542/1253/342 541/1254/342
f 545/1255/343 546/1256/343 547/1257/343
f 545/1255/343 547/1257/343 548/1258/343
f 518/1251/344 541/1252/344 546/1259/344
f 541/1252/344 543/1260/344 546/1259/344
f 517/1183/345 518/1184/345 546/1256/345
f 517/1183/345 546/1256/345 545/1255/345
f 542/1250/346 517/1249/346 545/1261/346
f 542/1250/346 545/1261/346 544/1262/346
f 549/1263/347 548/1264/347 550/1265/347
f 548/1264/347 547/1266/347 550/1265/347
f 544/1262/348 545/1261/348 549/1263/348
f 545/1261/348 548/1264/348 549/1263/348
f 543/1247/349 544/1248/349 549/1267/349
f 543/1247/349 549/1267/349 550/1268/349
f 546/1259/350 543/1260/350 550/1269/350
f 546/1259/350 550/1269/350 547/1270/350
f 551/1271/351 552/1272/351 553/1273/351
f 552/1272/351 554/1274/351 553/1273/351
f 555/1275/352 556/1276/352 557/1277/352
f 556/1276/352 558/1278/352 557/1277/352
f 556/1276/353 555/1275/353 559/1279/353
f 556/1276/353 559/1279/353 560/1280/353
f 559/1281/354 552/1282/354 561/1283/354
f 552/1282/354 562/1284/354 561/1283/354
f 553/1285/355 556/1286/355 551/1287/355
f 556/1286/355 560/1288/355 551/1287/355
f 555/1289/356 554/1290/356 552/1291/356
f 555/1289/356 552/1291/356 559/1292/356
f 557/1277/352 558/1278/352 563/1293/352
f 558/1278/352 564/1294/352 563/1293/352
f 556/1295/357 553/1296/357 558/1297/357
f 553/1296/357 565/1298/357 558/1297/357
f 554/1290/358 555/1289/358 557/1299/358
f 554/1290/358 557/1299/358 566/1300/358
f 553/1273/359 554/1274/359 566/1301/359
f 553/1273/359 566/1301/359 565/1302/359
f 564/1303/360 567/1304/360 568/1305/360
f 567/1304/360 569/1306/360 568/1305/360
f 558/1297/361 565/1298/361 567/1304/361
f 558/1297/361 567/1304/361 564/1303/361
f 566/1300/362 557/1299/362 563/1307/362
f 566/1300/362 563/1307/362 570/1308/362
f 565/1302/359 566/1301/359 570/1309/359
f 565/1302/359 570/1309/359 567/1310/359
f 571/1311/363 572/1312/363 573/1313/363
f 571/1311/363 573/1313/363 574/1314/363
f 570/1308/364 563/1307/364 571/1311/364
f 563/1307/364 572/1312/364 571/1311/364
f 567/1310/365 570/1309/365 569/1315/365
f 570/1309/365 571/1316/365 569/1315/365
f 563/1293/366 564/1294/366 568/1317/366
f 563/1293/366 568/1317/366 572/1318/366
f 574/1314/367 573/1313/367 575/1319/367
f 574/1314/367 575/1319/367 576/1320/367
f 569/1315/368 571/1316/368 574/1321/368
f 569/1315/368 574/1321/368 577/1322/368
f 572/1323/369 568/1324/369 573/1325/369
f 568/1324/369 578/1326/369 573/1325/369
f 568/1305/370 569/1306/370 578/1327/370
f 569/1306/370 577/1328/370 578/1327/370
f 579/1329/371 576/1330/371 580/1331/371
f 579/1329/371 580/1331/371 581/1332/371
f 577/1322/372 574/1321/372 576/1330/372
f 577/1322/372 576/1330/372 579/1329/372
f 573/1333/373 578/1334/373 575/1335/373
f 578/1334/373 582/1336/373 575/1335/373
f 578/1327/374 577/1328/374 579/1337/374
f 578/1327/374 579/1337/374 582/1338/374
f 581/1339/375 580/1340/375 583/1341/375
f 581/1339/375 583/1341/375 584/1342/375
f 575/1335/376 582/1336/376 583/1343/376
f 582/1336/376 584/1344/376 583/1343/376
f 582/1338/377 579/1337/377 581/1345/377
f 582/1338/377 581/1345/377 584/1346/377
f 576/1320/378 575/1319/378 580/1347/378
f 575/1319/378 583/1348/378 580/1347/378
f 585/1349/379 586/1350/379 587/1351/379
f 586/1350/379 588/1352/379 587/1351/379
f 560/1280/380 559/1279/380 561/1353/380
f 560/1280/380 561/1353/380 586/1354/380
f 552/1272/381 551/1271/381 562/1355/381
f 551/1271/381 585/1356/381 562/1355/381
f 551/1287/382 560/1288/382 586/1350/382
f 551/1287/382 586/1350/382 585/1349/382
f 589/1357/383 590/1358/383 591/1359/383
f 589/1357/383 591/1359/383 592/1360/383
f 562/1355/384 585/1356/384 590/1361/384
f 585/1356/384 587/1362/384 590/1361/384
f 561/1283/385 562/1284/385 589/1357/385
f 562/1284/385 590/1358/385 589/1357/385
f 586/1354/386 561/1353/386 589/1363/386
f 586/1354/386 589/1363/386 588/1364/386
f 593/1365/387 592/1366/387 591/1367/387
f 593/1365/387 591/1367/387 594/1368/387
f 588/1369/388 589/1370/388 593/1365/388
f 589/1370/388 592/1366/388 593/1365/388
f 587/1351/389 588/1352/389 594/1371/389
f 588/1352/389 593/1372/389 594/1371/389
f 590/1361/390 587/1362/390 594/1373/390
f 590/1361/390 594/1373/390 591/1374/390
f 595/1375/391 596/1376/391 597/1377/391
f 596/1376/391 598/1378/391 597/1377/391
f 599/1379/392 600/1380/392 601/1381/392
f 600/1380/392 602/1382/392 601/1381/392
f 600/1380/393 599/1379/393 603/1383/393
f 600/1380/393 603/1383/393 604/1384/393
f 603/1385/394 596/1386/394 605/1387/394
f 596/1386/394 606/1388/394 605/1387/394
f 597/1389/395 600/1390/395 595/1391/395
f 600/1390/395 604/1392/395 595/1391/395
f 599/1393/396 598/1394/396 596/1386/396
f 599/1393/396 596/1386/396 603/1385/396
f 601/1381/392 602/1382/392 607/1395/392
f 602/1382/392 608/1396/392 607/1395/392
f 600/1390/397 597/1389/397 609/1397/397
f 600/1390/397 609/1397/397 602/1398/397
f 598/1394/398 599/1393/398 610/1399/398
f 599/1393/398 601/1400/398 610/1399/398
f 597/1377/399 598/1378/399 610/1401/399
f 597/1377/399 610/1401/399 609/1402/399
f 608/1403/400 611/1404/400 612/1405/400
f 611/1404/400 613/1406/400 612/1405/400
f 602/1398/401 609/1397/401 611/1404/401
f 602/1398/401 611/1404/401 608/1403/401
f 610/1399/402 601/1400/402 614/1407/402
f 601/1400/402 607/1408/402 614/1407/402
f 609/1402/399 610/1401/399 614/1409/399
f 609/1402/399 614/1409/399 611/1410/399
f 615/1411/403 616/1412/403 617/1413/403
f 615/1411/403 617/1413/403 618/1414/403
f 614/1407/404 607/1408/404 616/1412/404
f 614/1407/404 616/1412/404 615/1411/404
f 611/1410/405 614/1409/405 613/1415/405
f 614/1409/405 615/1416/405 613/1415/405
f 607/1395/406 608/1396/406 612/1417/406
f 607/1395/406 612/1417/406 616/1418/406
f 618/1414/407 617/1413/407 619/1419/407
f 618/1414/407 619/1419/407 620/1420/407
f 613/1415/408 615/1416/408 618/1421/408
f 613/1415/408 618/1421/408 621/1422/408
f 616/1418/409 612/1417/409 617/1423/409
f 612/1417/409 622/1424/409 617/1423/409
f 612/1405/410 613/1406/410 622/1425/410
f 613/1406/410 621/1426/410 622/1425/410
f 623/1427/411 620/1428/411 624/1429/411
f 620/1428/411 625/1430/411 624/1429/411
f 621/1422/412 618/1421/412 620/1428/412
f 621/1422/412 620/1428/412 623/1427/412
f 617/1423/413 622/1424/413 619/1431/413
f 622/1424/413 626/1432/413 619/1431/413
f 622/1425/414 621/1426/414 623/1433/414
f 622/1425/414 623/1433/414 626/1434/414
f 624/1435/415 625/1436/415 627/1437/415
f 625/1436/415 628/1438/415 627/1437/415
f 619/1431/416 626/1432/416 627/1439/416
f 619/1431/416 627/1439/416 628/1440/416
f 626/1434/417 623/1433/417 627/1441/417
f 623/1433/417 624/1442/417 627/1441/417
f 620/1420/418 619/1419/418 625/1443/418
f 619/1419/418 628/1444/418 625/1443/418
f 629/1445/419 630/1446/419 631/1447/419
f 629/1445/419 631/1447/419 632/1448/419
f 604/1384/420 603/1383/420 605/1449/420
f 604/1384/420 605/1449/420 630/1450/420
f 596/1376/421 595/1375/421 606/1451/421
f 595/1375/421 629/1452/421 606/1451/421
f 595/1453/422 604/1454/422 630/1446/422
f 595/1453/422 630/1446/422 629/1445/422
f 633/1455/423 634/1456/423 635/1457/423
f 633/1455/423 635/1457/423 636/1458/423
f 606/1451/424 629/1452/424 634/1459/424
f 629/1452/424 632/1460/424 634/1459/424
f 605/1387/425 606/1388/425 633/1455/425
f 606/1388/425 634/1456/425 633/1455/425
f 630/1450/426 605/1449/426 633/1461/426
f 630/1450/426 633/1461/426 631/1462/426
f 637/1463/427 636/1458/427 635/1457/427
f 637/1463/427 635/1457/427 638/1464/427
f 631/1462/428 633/1461/428 637/1465/428
f 633/1461/428 636/1466/428 637/1465/428
f 632/1448/429 631/1447/429 637/1467/429
f 632/1448/429 637/1467/429 638/1468/429
f 634/1459/430 632/1460/430 638/1469/430
f 634/1459/430 638/1469/430 635/1470/430
s off
g Plane.001
v -0.58487 8.85849 0.582504
v -0.50587 8.23925 -0.606821
v -0.405687 8.24075 -0.60343
v 0.087561 8.67361 0.681713
v -0.647641 9.54545 3.4139
v -0.618916 9.25372 1.95538
v 0.015547 9.31343 3.33818
v 0.258945 8.98099 2.09513
v 0.064947 8.6227 0.78653
v 0.261493 8.96161 2.00972
v -0.684905 9.63829 4.74756
v 0.006657 9.3548 3.41233
v -0.593397 9.63869 4.75045
v -0.768591 9.63794 4.74492
v -1.24211 9.33155 3.40442
v -1.43353 8.93882 1.93441
v -1.19005 8.62728 0.767558
v -1.26201 9.31375 3.32808
v -1.42954 8.98791 2.02801
v -1.14474 8.69298 0.620914
v -0.597489 8.23789 -0.609921
v -0.58466 8.86595 0.569938
v 0.09053 8.67899 0.665208
v -0.402718 8.24613 -0.619936
v -0.505232 8.24455 -0.624276
v -0.647988 9.5577 3.41929
v 0.018868 9.32431 3.33901
v -0.618988 9.26427 1.95234
v 0.262266 8.99187 2.09597
v 0.265475 8.97026 2.0026
v 0.068929 8.63134 0.779413
v -0.685504 9.65104 4.7571
v -0.591215 9.6511 4.75982
v 0.008839 9.36721 3.4217
v -0.771966 9.65017 4.75401
v -1.24549 9.34379 3.41351
v -1.43747 8.94754 1.9278
v -1.19399 8.636 0.760947
v -1.26563 9.32476 3.32965
v -1.43316 8.99891 2.02958
v -1.14666 8.6979 0.603362
v -0.599407 8.2428 -0.627474
vn -0.2619 -0.8716 0.4144
vn -0.3129 -0.9319 0.1838
vn -0.3547 -0.8936 0.2749
vn -0.2466 -0.966 0.0774
vn 0.2984 -0.9499 0.0931
vn 0.3726 -0.8827 0.2864
vn 0.322 -0.9272 0.1914
vn 0.2447 -0.8611 0.4456
vn 0.2609 0.8719 -0.4143
vn 0.3121 0.9321 -0.1839
vn 0.3537 0.894 -0.275
vn 0.2455 0.9663 -0.0777
vn -0.2972 0.9502 -0.0934
vn -0.3715 0.8831 -0.2864
vn -0.3211 0.9275 -0.1915
vn -0.2435 0.8616 -0.4454
vn -0.1626 0.4838 -0.8599
vn -0.2411 0.8927 0.3807
vn 0.9179 -0.2999 0.2599
vn -0.0227 -0.6001 0.7996
vn -0.1834 0.4098 0.8935
vn 0.0258 -0.9545 -0.2971
vn 0.9003 -0.4346 -0.0243
vn 0.1458 0.4998 -0.8537
vn -0.7734 -0.5015 0.3878
vn 0.1215 -0.1202 -0.9853
vn -0.7575 -0.6454 -0.0981
vn 0.097 0.4504 0.8876
vn -0.0227 -0.5997 0.7999
vn 0.1861 0.8911 0.4139
vn 0.0841 -0.7534 -0.6522
vn -0.0725 -0.7642 -0.6409
vn 0.7596 -0.6462 -0.0739
vn 0.0214 -0.2622 0.9648
vn -0.9215 -0.3319 0.2019
vn -0.0657 -0.0797 -0.9947
vn 0.0256 -0.9594 -0.2808
vn 0.7649 -0.4682 0.4423
vn -0.0266 -0.2906 0.9565
vn -0.8899 -0.4514 -0.0652
vt 0.88014 0.49332
vt 0.885714 0.494929
vt 0.885775 0.496145
vt 0.88014 0.502315
vt 0.880002 0.657715
vt 0.886905 0.657236
vt 0.880656 0.666542
vt 0.886633 0.669107
vt 0.547636 0.892496
vt 0.554096 0.89276
vt 0.553154 0.901783
vt 0.547441 0.904357
vt 0.28942 0.912356
vt 0.295829 0.911723
vt 0.295702 0.92039
vt 0.2894 0.913471
vt 0.289438 0.911337
vt 0.29581 0.905276
vt 0.547441 0.883736
vt 0.552986 0.886479
vt 0.880008 0.651001
vt 0.886036 0.648474
vt 0.96301 0.452391
vt 0.957774 0.459388
vt 0.957035 0.452499
vt 0.957035 0.459613
vt 0.562822 0.168433
vt 0.563189 0.177456
vt 0.557293 0.171529
vt 0.557298 0.170282
vt 0.184657 0.636229
vt 0.183949 0.645097
vt 0.177716 0.635725
vt 0.177964 0.647642
vt 0.891111 0.211854
vt 0.891289 0.223766
vt 0.885575 0.221191
vt 0.884607 0.212121
vt 0.806268 0.926906
vt 0.806267 0.928056
vt 0.79985 0.934869
vt 0.79985 0.926167
vt 0.806265 0.925853
vt 0.799996 0.919684
vt 0.891289 0.203042
vt 0.885744 0.205786
vt 0.184657 0.62947
vt 0.178638 0.62692
vt 0.563185 0.16226
vt 0.557306 0.169139
vt 0.47908 0.951328
vt 0.481584 0.958988
vt 0.481458 0.959024
vt 0.478944 0.951327
vt 0.563271 0.162322
vt 0.562886 0.168473
vt 0.600736 0.929042
vt 0.598287 0.923113
vt 0.600867 0.928991
vt 0.598417 0.923063
vt 0.053971 0.562746
vt 0.054184 0.562078
vt 0.054321 0.562098
vt 0.054095 0.562789
vt 0.180741 0.939083
vt 0.185859 0.931651
vt 0.180838 0.939069
vt 0.185982 0.931614
vt 0.437039 0.808323
vt 0.436824 0.809586
vt 0.43671 0.809564
vt 0.436931 0.808271
vt 0.184138 0.925286
vt 0.180741 0.923103
vt 0.184249 0.925205
vt 0.180852 0.923022
vt 0.481584 0.943026
vt 0.481458 0.942992
vt 0.295772 0.9052
vt 0.2894 0.91126
vt 0.245801 0.764984
vt 0.249453 0.753694
vt 0.245935 0.765026
vt 0.249593 0.753691
vt 0.985168 0.865435
vt 0.985168 0.856385
vt 0.985274 0.856393
vt 0.985274 0.865443
vt 0.054417 0.561346
vt 0.054557 0.561345
vt 0.563271 0.177459
vt 0.82721 0.927399
vt 0.823741 0.919737
vt 0.827339 0.927397
vt 0.823868 0.919684
vt 0.823741 0.935777
vt 0.82387 0.935826
vt 0.43662 0.801348
vt 0.436512 0.801296
vt 0.602061 0.934257
vt 0.602197 0.934251
vt 0.88603 0.64839
vt 0.880002 0.650918
vt 0.245801 0.743386
vt 0.245933 0.74334
vt 0.436628 0.810742
vt 0.436512 0.810752
vt 0.053971 0.551935
vt 0.054111 0.551934
vt 0.598287 0.939562
vt 0.598405 0.939571
vt 0.547475 0.883648
vt 0.55302 0.886391
usemtl 
f 639/1471/431 640/1472/431 641/1473/431
f 639/1471/431 641/1473/431 642/1474/431
f 643/1475/432 644/1476/432 645/1477/432
f 644/1476/432 646/1478/432 645/1477/432
f 644/1479/433 639/1480/433 647/1481/433
f 644/1479/433 647/1481/433 648/1482/433
f 649/1483/434 643/1484/434 650/1485/434
f 649/1483/434 650/1485/434 651/1486/434
f 652/1487/435 653/1488/435 649/1483/435
f 653/1488/435 643/1484/435 649/1483/435
f 654/1489/436 655/1490/436 644/1479/436
f 655/1490/436 639/1480/436 644/1479/436
f 656/1491/437 657/1492/437 644/1476/437
f 656/1491/437 644/1476/437 643/1475/437
f 658/1493/438 659/1494/438 639/1495/438
f 659/1494/438 640/1496/438 639/1495/438
f 660/1497/439 661/1498/439 662/1499/439
f 660/1497/439 662/1499/439 663/1500/439
f 664/1501/440 665/1502/440 666/1503/440
f 665/1502/440 667/1504/440 666/1503/440
f 666/1505/441 668/1506/441 669/1507/441
f 666/1505/441 669/1507/441 660/1508/441
f 670/1509/442 671/1510/442 672/1511/442
f 670/1509/442 672/1511/442 664/1512/442
f 673/1513/443 670/1509/443 674/1514/443
f 670/1509/443 664/1512/443 674/1514/443
f 675/1515/444 666/1505/444 676/1516/444
f 666/1505/444 660/1508/444 676/1516/444
f 677/1517/445 664/1501/445 666/1503/445
f 677/1517/445 666/1503/445 678/1518/445
f 679/1519/446 660/1497/446 680/1520/446
f 660/1497/446 663/1500/446 680/1520/446
f 643/1521/447 653/1522/447 674/1523/447
f 643/1521/447 674/1523/447 664/1524/447
f 658/1525/448 639/1526/448 679/1519/448
f 639/1526/448 660/1497/448 679/1519/448
f 645/1527/449 646/1528/449 665/1529/449
f 646/1528/449 667/1530/449 665/1529/449
f 652/1531/450 649/1532/450 670/1533/450
f 652/1531/450 670/1533/450 673/1534/450
f 654/1535/451 644/1536/451 675/1537/451
f 644/1536/451 666/1538/451 675/1537/451
f 641/1539/452 640/1540/452 663/1541/452
f 641/1539/452 663/1541/452 662/1542/452
f 648/1543/453 647/1544/453 668/1545/453
f 647/1544/453 669/1546/453 668/1545/453
f 650/1547/454 643/1521/454 672/1548/454
f 643/1521/454 664/1524/454 672/1548/454
f 653/1488/455 652/1487/455 674/1549/455
f 652/1487/455 673/1550/455 674/1549/455
f 646/1551/456 644/1552/456 667/1553/456
f 644/1552/456 666/1554/456 667/1553/456
f 659/1555/457 658/1556/457 679/1557/457
f 659/1555/457 679/1557/457 680/1558/457
f 644/1536/458 648/1543/458 668/1545/458
f 644/1536/458 668/1545/458 666/1538/458
f 649/1532/459 651/1559/459 670/1533/459
f 651/1559/459 671/1560/459 670/1533/459
f 639/1526/460 642/1561/460 661/1498/460
f 639/1526/460 661/1498/460 660/1497/460
f 639/1562/461 655/1563/461 660/1564/461
f 655/1563/461 676/1565/461 660/1564/461
f 647/1566/462 639/1562/462 660/1564/462
f 647/1566/462 660/1564/462 669/1567/462
f 642/1568/463 641/1539/463 661/1569/463
f 641/1539/463 662/1542/463 661/1569/463
f 643/1570/464 645/1527/464 664/1571/464
f 645/1527/464 665/1529/464 664/1571/464
f 657/1492/465 656/1491/465 678/1572/465
f 656/1491/465 677/1573/465 678/1572/465
f 644/1552/466 657/1574/466 678/1575/466
f 644/1552/466 678/1575/466 666/1554/466
f 640/1540/467 659/1576/467 663/1541/467
f 659/1576/467 680/1577/467 663/1541/467
f 651/1559/468 650/1578/468 671/1560/468
f 650/1578/468 672/1579/468 671/1560/468
f 656/1580/469 643/1570/469 664/1571/469
f 656/1580/469 664/1571/469 677/1581/469
f 655/1490/470 654/1489/470 675/1582/470
f 655/1490/470 675/1582/470 676/1583/470
s off
g Plane.002
v -0.60108 9.57789 -4.82686
v -0.562334 9.60295 -6.16926
v -0.462088 9.60378 -6.16856
v 0.073352 9.37571 -4.84812
v -0.571451 8.82808 -2.0109
v -0.590056 9.26887 -3.43167
v 0.088016 8.66795 -2.20801
v 0.290607 8.97248 -3.46544
v 0.053842 9.28066 -4.77976
v 0.290372 8.99629 -3.54976
v -0.566176 8.27214 -0.794539
v 0.081649 8.66877 -2.12287
v -0.474621 8.27214 -0.794539
v -0.649904 8.27214 -0.794539
v -1.16683 8.63798 -2.10373
v -1.40626 8.99303 -3.57628
v -1.2011 9.27952 -4.75683
v -1.18921 8.65858 -2.17866
v -1.39911 8.99148 -3.47076
v -1.16016 9.4078 -4.85554
v -0.65401 9.60219 -6.16991
v -0.601235 9.59045 -4.83433
v 0.075821 9.38835 -4.86014
v -0.459619 9.61643 -6.18057
v -0.562225 9.61595 -6.18208
v -0.571576 8.83627 -2.00031
v 0.091408 8.67715 -2.20217
v -0.590179 9.27959 -3.4293
v 0.293999 8.98168 -3.45961
v 0.294164 9.00733 -3.552
v 0.057634 9.2917 -4.78199
v -0.566419 8.27876 -0.780056
v -0.472092 8.27859 -0.780451
v 0.084179 8.67523 -2.10878
v -0.652938 8.2785 -0.780609
v -1.16987 8.64435 -2.0898
v -1.41037 9.0038 -3.5778
v -1.20521 9.2903 -4.75835
v -1.19273 8.66746 -2.17192
v -1.40263 9.00036 -3.46402
v -1.16261 9.42048 -4.86854
v -0.65646 9.61488 -6.18292
vn -0.2524 -0.9666 -0.0448
vn -0.3109 -0.9099 -0.2746
vn -0.3497 -0.9204 -0.1751
vn -0.2481 -0.8884 -0.3863
vn 0.2972 -0.8755 -0.381
vn 0.3777 -0.908 -0.1815
vn 0.3239 -0.9023 -0.2846
vn 0.255 -0.9665 -0.0275
vn 0.2514 0.9668 0.0451
vn 0.3101 0.9102 0.2746
vn 0.3487 0.9207 0.1752
vn 0.2471 0.8887 0.3862
vn -0.2959 0.876 0.3809
vn -0.3766 0.9084 0.1816
vn -0.323 0.9026 0.2846
vn -0.2537 0.9669 0.0279
vn -0.1876 0.8339 -0.519
vn -0.2251 0.5997 0.7679
vn 0.9243 -0.3772 0.0576
vn -0 -0.9094 0.416
vn -0.1533 -0.0689 0.9858
vn 0.0124 -0.6962 -0.7177
vn 0.8972 -0.36 -0.2558
vn 0.1209 0.8486 -0.5151
vn -0.7629 -0.6346 0.1239
vn 0.0898 0.3664 -0.9261
vn -0.763 -0.5287 -0.372
vn 0.1269 -0.0273 0.9915
vn -0 -0.9092 0.4164
vn 0.2029 0.5872 0.7836
vn 0.0603 -0.3493 -0.9351
vn -0.096 -0.366 -0.9257
vn 0.7541 -0.5237 -0.3963
vn 0.0507 -0.691 0.7211
vn -0.916 -0.3984 0.0462
vn -0.0974 0.4044 -0.9094
vn 0.0126 -0.7084 -0.7057
vn 0.7765 -0.6139 0.1419
vn 0.0024 -0.7125 0.7017
vn -0.8935 -0.3755 -0.2464
vt 0.933926 0.450619
vt 0.939501 0.452228
vt 0.939562 0.453443
vt 0.933926 0.459613
vt 0.880002 0.695905
vt 0.886905 0.695427
vt 0.880656 0.704732
vt 0.886633 0.707298
vt 0.132678 0.89257
vt 0.139138 0.892834
vt 0.138196 0.901858
vt 0.132482 0.904431
vt 0.914994 0.288953
vt 0.921403 0.28832
vt 0.921276 0.296986
vt 0.914974 0.290068
vt 0.915012 0.287934
vt 0.921384 0.281873
vt 0.132482 0.88381
vt 0.138028 0.886553
vt 0.880008 0.689192
vt 0.886036 0.686664
vt 0.232993 0.969357
vt 0.227757 0.976354
vt 0.227018 0.969464
vt 0.227018 0.976579
vt 0.936417 0.248811
vt 0.936784 0.257834
vt 0.930888 0.251907
vt 0.930893 0.25066
vt 0.184657 0.674424
vt 0.183949 0.683292
vt 0.177716 0.67392
vt 0.177964 0.685837
vt 0.461727 0.879682
vt 0.461905 0.891595
vt 0.45619 0.88902
vt 0.455222 0.87995
vt 0.43634 0.92694
vt 0.436339 0.92809
vt 0.429922 0.934903
vt 0.429922 0.926201
vt 0.436337 0.925887
vt 0.430068 0.919717
vt 0.461905 0.870871
vt 0.45636 0.873615
vt 0.184657 0.667665
vt 0.178638 0.665115
vt 0.93678 0.242637
vt 0.930901 0.249517
vt 0.957514 0.426282
vt 0.960018 0.433942
vt 0.959892 0.433978
vt 0.957377 0.426281
vt 0.936866 0.2427
vt 0.936481 0.248851
vt 0.691508 0.929147
vt 0.689059 0.923218
vt 0.689189 0.923168
vt 0.691639 0.929097
vt 0.24987 0.574063
vt 0.250083 0.573394
vt 0.25022 0.573415
vt 0.249994 0.574105
vt 0.903893 0.94163
vt 0.909012 0.934198
vt 0.90399 0.941616
vt 0.909135 0.934161
vt 0.114299 0.808472
vt 0.114085 0.809735
vt 0.11397 0.809712
vt 0.114191 0.80842
vt 0.90729 0.927833
vt 0.903893 0.925649
vt 0.904005 0.925568
vt 0.907402 0.927751
vt 0.960018 0.41798
vt 0.959892 0.417946
vt 0.921346 0.281796
vt 0.914974 0.287857
vt 0.245801 0.804143
vt 0.249453 0.792853
vt 0.245935 0.804185
vt 0.249593 0.79285
vt 0.478944 0.985547
vt 0.478944 0.976498
vt 0.47905 0.976506
vt 0.47905 0.985556
vt 0.250316 0.572663
vt 0.250456 0.572661
vt 0.936866 0.257837
vt 0.957071 0.157703
vt 0.953602 0.150041
vt 0.9572 0.157701
vt 0.953729 0.149988
vt 0.953602 0.166081
vt 0.95373 0.16613
vt 0.11388 0.801497
vt 0.113773 0.801445
vt 0.692833 0.934362
vt 0.692969 0.934356
vt 0.88603 0.686581
vt 0.880002 0.689109
vt 0.245801 0.782545
vt 0.245933 0.782499
vt 0.113889 0.81089
vt 0.113773 0.8109
vt 0.24987 0.563252
vt 0.25001 0.56325
vt 0.689059 0.939667
vt 0.689177 0.939677
vt 0.132517 0.883722
vt 0.138062 0.886465
usemtl 
f 681/1584/471 682/1585/471 683/1586/471
f 681/1584/471 683/1586/471 684/1587/471
f 685/1588/472 686/1589/472 687/1590/472
f 686/1589/472 688/1591/472 687/1590/472
f 686/1592/473 681/1593/473 689/1594/473
f 686/1592/473 689/1594/473 690/1595/473
f 691/1596/474 685/1597/474 692/1598/474
f 691/1596/474 692/1598/474 693/1599/474
f 694/1600/475 695/1601/475 691/1596/475
f 695/1601/475 685/1597/475 691/1596/475
f 696/1602/476 697/1603/476 686/1592/476
f 697/1603/476 681/1593/476 686/1592/476
f 698/1604/477 699/1605/477 686/1589/477
f 698/1604/477 686/1589/477 685/1588/477
f 700/1606/478 701/1607/478 681/1608/478
f 701/1607/478 682/1609/478 681/1608/478
f 702/1610/479 703/1611/479 704/1612/479
f 702/1610/479 704/1612/479 705/1613/479
f 706/1614/480 707/1615/480 708/1616/480
f 707/1615/480 709/1617/480 708/1616/480
f 708/1618/481 710/1619/481 711/1620/481
f 708/1618/481 711/1620/481 702/1621/481
f 712/1622/482 713/1623/482 714/1624/482
f 712/1622/482 714/1624/482 706/1625/482
f 715/1626/483 712/1622/483 716/1627/483
f 712/1622/483 706/1625/483 716/1627/483
f 717/1628/484 708/1618/484 718/1629/484
f 708/1618/484 702/1621/484 718/1629/484
f 719/1630/485 706/1614/485 708/1616/485
f 719/1630/485 708/1616/485 720/1631/485
f 721/1632/486 702/1610/486 722/1633/486
f 702/1610/486 705/1613/486 722/1633/486
f 685/1634/487 695/1635/487 716/1636/487
f 685/1634/487 716/1636/487 706/1637/487
f 700/1638/488 681/1639/488 721/1632/488
f 681/1639/488 702/1610/488 721/1632/488
f 687/1640/489 688/1641/489 709/1642/489
f 687/1640/489 709/1642/489 707/1643/489
f 694/1644/490 691/1645/490 712/1646/490
f 694/1644/490 712/1646/490 715/1647/490
f 696/1648/491 686/1649/491 717/1650/491
f 686/1649/491 708/1651/491 717/1650/491
f 683/1652/492 682/1653/492 705/1654/492
f 683/1652/492 705/1654/492 704/1655/492
f 690/1656/493 689/1657/493 711/1658/493
f 690/1656/493 711/1658/493 710/1659/493
f 692/1660/494 685/1634/494 714/1661/494
f 685/1634/494 706/1637/494 714/1661/494
f 695/1601/495 694/1600/495 716/1662/495
f 694/1600/495 715/1663/495 716/1662/495
f 688/1664/496 686/1665/496 709/1666/496
f 686/1665/496 708/1667/496 709/1666/496
f 701/1668/497 700/1669/497 721/1670/497
f 701/1668/497 721/1670/497 722/1671/497
f 686/1649/498 690/1656/498 710/1659/498
f 686/1649/498 710/1659/498 708/1651/498
f 691/1645/499 693/1672/499 712/1646/499
f 693/1672/499 713/1673/499 712/1646/499
f 681/1639/500 684/1674/500 703/1611/500
f 681/1639/500 703/1611/500 702/1610/500
f 681/1675/501 697/1676/501 702/1677/501
f 697/1676/501 718/1678/501 702/1677/501
f 689/1679/502 681/1675/502 702/1677/502
f 689/1679/502 702/1677/502 711/1680/502
f 684/1681/503 683/1652/503 703/1682/503
f 683/1652/503 704/1655/503 703/1682/503
f 685/1683/504 687/1640/504 706/1684/504
f 687/1640/504 707/1643/504 706/1684/504
f 699/1605/505 698/1604/505 720/1685/505
f 698/1604/505 719/1686/505 720/1685/505
f 686/1665/506 699/1687/506 720/1688/506
f 686/1665/506 720/1688/506 708/1667/506
f 682/1653/507 701/1689/507 705/1654/507
f 701/1689/507 722/1690/507 705/1654/507
f 693/1672/508 692/1691/508 713/1673/508
f 692/1691/508 714/1692/508 713/1673/508
f 698/1693/509 685/1683/509 706/1684/509
f 698/1693/509 706/1684/509 719/1694/509
f 697/1603/510 696/1602/510 717/1695/510
f 697/1603/510 717/1695/510 718/1696/510
s off
g Plane.003
v -4.32369 9.36536 -0.358533
v -5.66689 9.36596 -0.358543
v -5.66909 9.36749 -0.458759
v -4.36071 9.16743 -1.03355
v -1.49657 8.66776 -0.474498
v -2.924 9.08217 -0.411875
v -1.70966 8.50853 -1.12919
v -2.97775 8.79123 -1.29336
v -4.29008 9.07353 -1.01671
v -3.06245 8.81348 -1.29053
v -0.270942 8.13435 -0.518776
v -1.62441 8.51088 -1.12527
v -0.273582 8.13498 -0.610291
v -0.268527 8.13378 -0.435085
v -1.56871 8.47192 0.121889
v -3.03997 8.79814 0.406097
v -4.23097 9.06425 0.237019
v -1.64333 8.49098 0.146557
v -2.93469 8.79859 0.395903
v -4.33313 9.19096 0.199879
v -5.66488 9.36456 -0.266893
v -4.33138 9.37778 -0.358071
v -4.37301 9.17987 -1.03558
v -5.68139 9.37993 -0.460789
v -5.67993 9.37872 -0.358188
v -1.48612 8.67614 -0.474617
v -1.70409 8.51786 -1.13268
v -2.92183 9.09293 -0.411741
v -2.97218 8.80056 -1.29685
v -3.06499 8.8245 -1.29418
v -4.29263 9.08455 -1.02035
v -0.25658 8.14125 -0.5189
v -0.259692 8.14171 -0.613176
v -1.61052 8.51761 -1.12815
v -0.254633 8.14038 -0.432405
v -1.55482 8.47852 0.124569
v -3.04156 8.80886 0.410327
v -4.23256 9.07496 0.241249
v -1.63665 8.49996 0.149948
v -2.92801 8.80757 0.399295
v -4.34629 9.20338 0.202794
v -5.67803 9.37699 -0.263978
vn -0.0199 -0.9689 0.2465
vn -0.2489 -0.9169 0.3119
vn -0.1481 -0.9258 0.3478
vn -0.3627 -0.897 0.2526
vn -0.3734 -0.8803 -0.2925
vn -0.1757 -0.9086 -0.379
vn -0.2773 -0.9051 -0.3222
vn -0.0173 -0.9651 -0.2612
vn 0.0202 0.9692 -0.2455
vn 0.2489 0.9172 -0.3111
vn 0.1483 0.9262 -0.3468
vn 0.3626 0.8974 -0.2515
vn 0.3732 0.8808 0.2913
vn 0.1758 0.909 0.3779
vn 0.2773 0.9054 0.3214
vn 0.0176 0.9655 0.2599
vn -0.5285 0.8229 0.2086
vn 0.7631 0.6122 0.2074
vn 0.0377 -0.3698 -0.9283
vn 0.4323 -0.9015 -0.0187
vn 0.9909 -0.0518 0.1245
vn -0.705 -0.7092 0.0031
vn -0.2749 -0.3585 -0.8921
vn -0.5337 0.8398 -0.0999
vn 0.1574 -0.6374 0.7543
vn -0.9348 0.3499 -0.0605
vn -0.3402 -0.5407 0.7694
vn 0.9878 -0.0081 -0.1555
vn 0.4327 -0.9014 -0.0187
vn 0.7666 0.6029 -0.221
vn -0.9299 -0.3661 -0.036
vn -0.9157 -0.3836 0.1198
vn -0.4082 -0.5258 -0.7463
vn 0.7318 -0.6772 -0.0765
vn 0.0798 -0.4038 0.9114
vn -0.9134 0.3869 0.1265
vn -0.6928 -0.7212 0.0024
vn 0.1306 -0.6059 -0.7848
vn 0.7142 -0.6994 -0.0277
vn -0.2137 -0.3861 0.8974
vt 0.710798 0.955425
vt 0.716373 0.957033
vt 0.716434 0.958249
vt 0.710798 0.964419
vt 0.880002 0.734096
vt 0.886905 0.733617
vt 0.880656 0.742922
vt 0.886633 0.745488
vt 0.156807 0.89257
vt 0.163267 0.892834
vt 0.162325 0.901858
vt 0.156612 0.904431
vt 0.455242 0.916225
vt 0.461651 0.915592
vt 0.461524 0.924258
vt 0.455222 0.91734
vt 0.45526 0.915205
vt 0.461632 0.909145
vt 0.156612 0.88381
vt 0.162157 0.886553
vt 0.880009 0.727382
vt 0.886036 0.724854
vt 0.977735 0.546177
vt 0.972499 0.553174
vt 0.97176 0.546285
vt 0.97176 0.5534
vt 0.400347 0.928067
vt 0.400713 0.93709
vt 0.394818 0.931163
vt 0.394823 0.929916
vt 0.436863 0.852634
vt 0.436156 0.861502
vt 0.429922 0.85213
vt 0.43017 0.864047
vt 0.891972 0.252411
vt 0.89215 0.264323
vt 0.886436 0.261748
vt 0.885468 0.252678
vt 0.113442 0.927088
vt 0.113442 0.928238
vt 0.107025 0.935051
vt 0.107025 0.926349
vt 0.11344 0.926036
vt 0.107171 0.919866
vt 0.89215 0.243599
vt 0.886605 0.246343
vt 0.436863 0.845875
vt 0.430844 0.843325
vt 0.40071 0.921893
vt 0.394831 0.928773
vt 0.961728 0.290132
vt 0.964232 0.297792
vt 0.964106 0.297829
vt 0.961591 0.290132
vt 0.400796 0.921956
vt 0.40041 0.928107
vt 0.737377 0.929707
vt 0.734927 0.923778
vt 0.735058 0.923728
vt 0.737507 0.929656
vt 0.053971 0.591074
vt 0.054184 0.590406
vt 0.054321 0.590427
vt 0.054095 0.591117
vt 0.358079 0.944065
vt 0.363198 0.936633
vt 0.358176 0.944052
vt 0.36332 0.936597
vt 0.647 0.877498
vt 0.646786 0.878761
vt 0.646671 0.878738
vt 0.646892 0.877446
vt 0.361476 0.930268
vt 0.358079 0.928085
vt 0.361587 0.930187
vt 0.35819 0.928004
vt 0.964232 0.281831
vt 0.964106 0.281796
vt 0.461594 0.909068
vt 0.455222 0.915129
vt 0.049833 0.824263
vt 0.053485 0.812973
vt 0.049967 0.824305
vt 0.053625 0.81297
vt 0.756343 0.986254
vt 0.756343 0.977204
vt 0.756449 0.977213
vt 0.756449 0.986262
vt 0.054417 0.589675
vt 0.054557 0.589673
vt 0.400796 0.937093
vt 0.957241 0.016452
vt 0.953772 0.00879
vt 0.95737 0.01645
vt 0.953899 0.008737
vt 0.953772 0.02483
vt 0.953901 0.024879
vt 0.646582 0.870523
vt 0.646474 0.870471
vt 0.738702 0.934922
vt 0.738837 0.934916
vt 0.880002 0.727299
vt 0.88603 0.724771
vt 0.049833 0.802666
vt 0.049965 0.802619
vt 0.64659 0.879916
vt 0.646474 0.879927
vt 0.053971 0.580264
vt 0.054111 0.580262
vt 0.734927 0.940227
vt 0.735045 0.940236
vt 0.156646 0.883722
vt 0.162191 0.886465
usemtl 
f 723/1697/511 724/1698/511 725/1699/511
f 723/1697/511 725/1699/511 726/1700/511
f 727/1701/512 728/1702/512 729/1703/512
f 728/1702/512 730/1704/512 729/1703/512
f 728/1705/513 723/1706/513 731/1707/513
f 728/1705/513 731/1707/513 732/1708/513
f 733/1709/514 727/1710/514 734/1711/514
f 733/1709/514 734/1711/514 735/1712/514
f 736/1713/515 737/1714/515 733/1709/515
f 737/1714/515 727/1710/515 733/1709/515
f 738/1715/516 739/1716/516 728/1705/516
f 739/1716/516 723/1706/516 728/1705/516
f 740/1717/517 741/1718/517 728/1702/517
f 740/1717/517 728/1702/517 727/1701/517
f 742/1719/518 743/1720/518 723/1721/518
f 743/1720/518 724/1722/518 723/1721/518
f 744/1723/519 745/1724/519 746/1725/519
f 744/1723/519 746/1725/519 747/1726/519
f 748/1727/520 749/1728/520 750/1729/520
f 749/1728/520 751/1730/520 750/1729/520
f 750/1731/521 752/1732/521 753/1733/521
f 750/1731/521 753/1733/521 744/1734/521
f 754/1735/522 755/1736/522 756/1737/522
f 754/1735/522 756/1737/522 748/1738/522
f 757/1739/523 754/1735/523 758/1740/523
f 754/1735/523 748/1738/523 758/1740/523
f 759/1741/524 750/1731/524 760/1742/524
f 750/1731/524 744/1734/524 760/1742/524
f 761/1743/525 748/1727/525 750/1729/525
f 761/1743/525 750/1729/525 762/1744/525
f 763/1745/526 744/1723/526 764/1746/526
f 744/1723/526 747/1726/526 764/1746/526
f 727/1747/527 737/1748/527 758/1749/527
f 727/1747/527 758/1749/527 748/1750/527
f 742/1751/528 723/1752/528 763/1745/528
f 723/1752/528 744/1723/528 763/1745/528
f 729/1753/529 730/1754/529 751/1755/529
f 729/1753/529 751/1755/529 749/1756/529
f 736/1757/530 733/1758/530 754/1759/530
f 736/1757/530 754/1759/530 757/1760/530
f 738/1761/531 728/1762/531 759/1763/531
f 728/1762/531 750/1764/531 759/1763/531
f 725/1765/532 724/1766/532 747/1767/532
f 725/1765/532 747/1767/532 746/1768/532
f 732/1769/533 731/1770/533 752/1771/533
f 731/1770/533 753/1772/533 752/1771/533
f 734/1773/534 727/1747/534 756/1774/534
f 727/1747/534 748/1750/534 756/1774/534
f 737/1714/535 736/1713/535 758/1775/535
f 736/1713/535 757/1776/535 758/1775/535
f 730/1777/536 728/1778/536 751/1779/536
f 728/1778/536 750/1780/536 751/1779/536
f 743/1781/537 742/1782/537 763/1783/537
f 743/1781/537 763/1783/537 764/1784/537
f 728/1762/538 732/1769/538 752/1771/538
f 728/1762/538 752/1771/538 750/1764/538
f 733/1758/539 735/1785/539 754/1759/539
f 735/1785/539 755/1786/539 754/1759/539
f 723/1752/540 726/1787/540 745/1724/540
f 723/1752/540 745/1724/540 744/1723/540
f 723/1788/541 739/1789/541 744/1790/541
f 739/1789/541 760/1791/541 744/1790/541
f 731/1792/542 723/1788/542 744/1790/542
f 731/1792/542 744/1790/542 753/1793/542
f 726/1794/543 725/1765/543 746/1768/543
f 726/1794/543 746/1768/543 745/1795/543
f 727/1796/544 729/1753/544 748/1797/544
f 729/1753/544 749/1756/544 748/1797/544
f 741/1718/545 740/1717/545 761/1798/545
f 741/1718/545 761/1798/545 762/1799/545
f 728/1778/546 741/1800/546 762/1801/546
f 728/1778/546 762/1801/546 750/1780/546
f 724/1766/547 743/1802/547 747/1767/547
f 743/1802/547 764/1803/547 747/1767/547
f 735/1785/548 734/1804/548 755/1786/548
f 734/1804/548 756/1805/548 755/1786/548
f 740/1806/549 727/1796/549 748/1797/549
f 740/1806/549 748/1797/549 761/1807/549
f 739/1716/550 738/1715/550 759/1808/550
f 739/1716/550 759/1808/550 760/1809/550
s off
g Plane.004
v 0.654731 9.15117 -0.577861
v -0.409662 8.33187 -0.577871
v -0.412336 8.33174 -0.678087
v 0.746201 8.97179 -1.25287
v 3.32001 10.324 -0.693826
v 1.93634 9.7811 -0.631203
v 3.24839 10.0678 -1.34852
v 2.07133 9.51782 -1.51269
v 0.859461 8.9405 -1.23603
v 1.99065 9.48375 -1.50986
v 4.61644 10.6495 -0.738104
v 3.31449 10.1217 -1.3446
v 4.61397 10.6484 -0.829619
v 4.6187 10.6505 -0.654413
v 3.38239 10.1248 -0.097439
v 2.01782 9.48532 0.186769
v 0.911953 8.96923 0.017691
v 3.31164 10.0944 -0.072771
v 2.10094 9.54993 0.176575
v 0.753688 9.00725 -0.019449
v -0.407216 8.33199 -0.486222
v 0.641057 9.15632 -0.577399
v 0.728865 8.97413 -1.2549
v -0.429673 8.33408 -0.680117
v -0.427783 8.33401 -0.577516
v 3.32317 10.337 -0.693945
v 3.2471 10.0786 -1.35201
v 1.93149 9.79095 -0.631069
v 2.07004 9.52861 -1.51618
v 1.98191 9.49093 -1.5135
v 0.850718 8.94768 -1.23968
v 4.62361 10.6637 -0.738228
v 4.62087 10.6622 -0.832504
v 3.32139 10.1355 -1.34748
v 4.62568 10.6642 -0.651733
v 3.38937 10.1385 -0.094759
v 2.01001 9.49284 0.190999
v 0.904148 8.97675 0.021921
v 3.31145 10.1056 -0.06938
v 2.10075 9.56112 0.179967
v 0.735683 9.00907 -0.016534
v -0.425221 8.3338 -0.483306
vn 0.5756 -0.7797 0.2465
vn 0.3625 -0.8782 0.3119
vn 0.4477 -0.8238 0.3478
vn 0.2601 -0.932 0.2526
vn 0.2415 -0.9253 -0.2925
vn 0.4153 -0.827 -0.379
vn 0.3327 -0.8863 -0.3222
vn 0.5754 -0.7751 -0.2612
vn -0.5755 0.7801 -0.2455
vn -0.3626 0.8785 -0.3111
vn -0.4478 0.8242 -0.3468
vn -0.2604 0.9322 -0.2515
vn -0.2419 0.9255 0.2913
vn -0.4155 0.8274 0.3779
vn -0.3329 0.8865 0.3214
vn -0.5753 0.7755 0.2599
vn -0.9209 0.3294 0.2086
vn 0.2309 0.9506 0.2074
vn 0.2556 -0.2699 -0.9283
vn 0.8927 -0.4503 -0.0187
vn 0.8165 0.5637 0.1245
vn -0.1256 -0.9921 0.0031
vn 0.001 -0.4518 -0.8921
vn -0.9353 0.3395 -0.0999
vn 0.5137 -0.4088 0.7543
vn -0.9541 -0.2934 -0.0605
vn 0.0605 -0.6359 0.7694
vn 0.7875 0.5964 -0.1555
vn 0.8929 -0.4499 -0.0187
vn 0.2393 0.9454 -0.221
vn -0.5132 -0.8575 -0.036
vn -0.4912 -0.8628 0.1198
vn -0.0025 -0.6656 -0.7463
vn 0.993 -0.0899 -0.0765
vn 0.3096 -0.2711 0.9114
vn -0.9597 -0.251 0.1265
vn -0.1086 -0.9941 0.0024
vn 0.4732 -0.4003 -0.7848
vn 0.9926 -0.1182 -0.0277
vn 0.0664 -0.4363 0.8974
vt 0.180346 0.956557
vt 0.185921 0.958165
vt 0.185982 0.959381
vt 0.180346 0.965551
vt 0.88014 0.388074
vt 0.887042 0.387596
vt 0.880794 0.396901
vt 0.886771 0.399466
vt 0.395013 0.892559
vt 0.401473 0.892823
vt 0.400531 0.901846
vt 0.394818 0.90442
vt 0.756363 0.923516
vt 0.762772 0.922884
vt 0.762644 0.93155
vt 0.756343 0.924631
vt 0.756381 0.922497
vt 0.762753 0.916436
vt 0.394818 0.883799
vt 0.400363 0.886542
vt 0.880146 0.381361
vt 0.886173 0.378833
vt 0.978419 0.317237
vt 0.973183 0.324234
vt 0.972444 0.317344
vt 0.972444 0.324459
vt 0.579687 0.92826
vt 0.580053 0.937283
vt 0.574158 0.931356
vt 0.574162 0.930109
vt 0.113966 0.852782
vt 0.113258 0.86165
vt 0.107025 0.852279
vt 0.107272 0.864195
vt 0.762848 0.886974
vt 0.763025 0.898886
vt 0.757311 0.896312
vt 0.756343 0.887241
vt 0.935874 0.731961
vt 0.935874 0.733111
vt 0.929457 0.739924
vt 0.929457 0.731222
vt 0.935871 0.730909
vt 0.929602 0.724739
vt 0.763025 0.878163
vt 0.757481 0.880906
vt 0.113966 0.846023
vt 0.107946 0.843473
vt 0.58005 0.922086
vt 0.574171 0.928966
vt 0.96519 0.864721
vt 0.967694 0.872381
vt 0.967568 0.872418
vt 0.965053 0.86472
vt 0.580136 0.922149
vt 0.57975 0.9283
vt 0.64519 0.939713
vt 0.642741 0.933785
vt 0.642871 0.933734
vt 0.645321 0.939663
vt 0.24987 0.602391
vt 0.250083 0.601722
vt 0.25022 0.601743
vt 0.249994 0.602434
vt 0.938877 0.297858
vt 0.943995 0.290426
vt 0.938974 0.297844
vt 0.944118 0.290389
vt 0.781025 0.885189
vt 0.780811 0.886452
vt 0.780696 0.88643
vt 0.780917 0.885137
vt 0.942274 0.284061
vt 0.938877 0.281877
vt 0.942385 0.28398
vt 0.938988 0.281796
vt 0.967694 0.856419
vt 0.967568 0.856385
vt 0.762715 0.91636
vt 0.756343 0.92242
vt 0.598287 0.905547
vt 0.601938 0.894257
vt 0.59842 0.905589
vt 0.602078 0.894255
vt 0.314172 0.986673
vt 0.314172 0.977623
vt 0.314278 0.977632
vt 0.314278 0.986681
vt 0.250316 0.600991
vt 0.250456 0.60099
vt 0.580136 0.937286
vt 0.957387 0.210757
vt 0.953918 0.203095
vt 0.957516 0.210755
vt 0.954045 0.203042
vt 0.953918 0.219136
vt 0.954047 0.219184
vt 0.780606 0.878214
vt 0.780499 0.878162
vt 0.646515 0.944928
vt 0.646651 0.944922
vt 0.88014 0.381277
vt 0.886167 0.37875
vt 0.598287 0.88395
vt 0.598418 0.883904
vt 0.780615 0.887608
vt 0.780499 0.887618
vt 0.24987 0.59158
vt 0.25001 0.591579
vt 0.642741 0.950233
vt 0.642858 0.950243
vt 0.394852 0.883711
vt 0.400397 0.886454
usemtl 
f 765/1810/551 766/1811/551 767/1812/551
f 765/1810/551 767/1812/551 768/1813/551
f 769/1814/552 770/1815/552 771/1816/552
f 770/1815/552 772/1817/552 771/1816/552
f 770/1818/553 765/1819/553 773/1820/553
f 770/1818/553 773/1820/553 774/1821/553
f 775/1822/554 769/1823/554 776/1824/554
f 775/1822/554 776/1824/554 777/1825/554
f 778/1826/555 779/1827/555 775/1822/555
f 779/1827/555 769/1823/555 775/1822/555
f 780/1828/556 781/1829/556 770/1818/556
f 781/1829/556 765/1819/556 770/1818/556
f 782/1830/557 783/1831/557 770/1815/557
f 782/1830/557 770/1815/557 769/1814/557
f 784/1832/558 785/1833/558 765/1834/558
f 785/1833/558 766/1835/558 765/1834/558
f 786/1836/559 787/1837/559 788/1838/559
f 786/1836/559 788/1838/559 789/1839/559
f 790/1840/560 791/1841/560 792/1842/560
f 791/1841/560 793/1843/560 792/1842/560
f 792/1844/561 794/1845/561 795/1846/561
f 792/1844/561 795/1846/561 786/1847/561
f 796/1848/562 797/1849/562 798/1850/562
f 796/1848/562 798/1850/562 790/1851/562
f 799/1852/563 796/1848/563 800/1853/563
f 796/1848/563 790/1851/563 800/1853/563
f 801/1854/564 792/1844/564 802/1855/564
f 792/1844/564 786/1847/564 802/1855/564
f 803/1856/565 790/1840/565 792/1842/565
f 803/1856/565 792/1842/565 804/1857/565
f 805/1858/566 786/1836/566 806/1859/566
f 786/1836/566 789/1839/566 806/1859/566
f 769/1860/567 779/1861/567 800/1862/567
f 769/1860/567 800/1862/567 790/1863/567
f 784/1864/568 765/1865/568 805/1858/568
f 765/1865/568 786/1836/568 805/1858/568
f 771/1866/569 772/1867/569 793/1868/569
f 771/1866/569 793/1868/569 791/1869/569
f 778/1870/570 775/1871/570 796/1872/570
f 778/1870/570 796/1872/570 799/1873/570
f 780/1874/571 770/1875/571 801/1876/571
f 770/1875/571 792/1877/571 801/1876/571
f 767/1878/572 766/1879/572 789/1880/572
f 767/1878/572 789/1880/572 788/1881/572
f 774/1882/573 773/1883/573 794/1884/573
f 773/1883/573 795/1885/573 794/1884/573
f 776/1886/574 769/1860/574 798/1887/574
f 769/1860/574 790/1863/574 798/1887/574
f 779/1827/575 778/1826/575 800/1888/575
f 778/1826/575 799/1889/575 800/1888/575
f 772/1890/576 770/1891/576 793/1892/576
f 770/1891/576 792/1893/576 793/1892/576
f 785/1894/577 784/1895/577 805/1896/577
f 785/1894/577 805/1896/577 806/1897/577
f 770/1875/578 774/1882/578 794/1884/578
f 770/1875/578 794/1884/578 792/1877/578
f 775/1871/579 777/1898/579 796/1872/579
f 777/1898/579 797/1899/579 796/1872/579
f 765/1865/580 768/1900/580 787/1837/580
f 765/1865/580 787/1837/580 786/1836/580
f 765/1901/581 781/1902/581 786/1903/581
f 781/1902/581 802/1904/581 786/1903/581
f 773/1905/582 765/1901/582 786/1903/582
f 773/1905/582 786/1903/582 795/1906/582
f 768/1907/583 767/1878/583 788/1881/583
f 768/1907/583 788/1881/583 787/1908/583
f 769/1909/584 771/1866/584 790/1910/584
f 771/1866/584 791/1869/584 790/1910/584
f 783/1831/585 782/1830/585 803/1911/585
f 783/1831/585 803/1911/585 804/1912/585
f 770/1891/586 783/1913/586 804/1914/586
f 770/1891/586 804/1914/586 792/1893/586
f 766/1879/587 785/1915/587 789/1880/587
f 785/1915/587 806/1916/587 789/1880/587
f 777/1898/588 776/1917/588 798/1918/588
f 777/1898/588 798/1918/588 797/1899/588
f 782/1919/589 769/1909/589 790/1910/589
f 782/1919/589 790/1910/589 803/1920/589
f 781/1829/590 780/1828/590 801/1921/590
f 781/1829/590 801/1921/590 802/1922/590
s off
g Plane.005
v -0.371226 7.82363 -4.48163
v -0.345074 7.77936 -5.81628
v -0.244827 7.78024 -5.81564
v 0.290612 7.65349 -4.48166
v -0.344159 7.2974 -1.61553
v -0.469853 7.77824 -3.09718
v 0.305276 7.14907 -1.79527
v 0.507867 7.35685 -3.07226
v 0.271103 7.56393 -4.40624
v 0.507632 7.37416 -3.15815
v -0.348916 6.86215 -0.355739
v 0.298909 7.15637 -1.71044
v -0.257361 6.86215 -0.355739
v -0.432644 6.86215 -0.355739
v -0.949573 7.12712 -1.68901
v -1.189 7.36888 -3.18434
v -0.98384 7.56455 -4.3833
v -0.971948 7.14196 -1.76529
v -1.18185 7.37539 -3.07901
v -0.942905 7.68492 -4.4915
v -0.43675 7.77855 -5.81686
v -0.371128 7.83871 -4.49435
v 0.293317 7.66829 -4.49663
v -0.242122 7.79504 -5.83061
v -0.344915 7.79444 -5.83199
v -0.344111 7.30816 -1.60133
v 0.309886 7.16018 -1.78539
v -0.470902 7.79193 -3.09575
v 0.512477 7.36797 -3.06238
v 0.512675 7.38801 -3.16598
v 0.276146 7.57778 -4.41407
v -0.349216 6.87231 -0.339667
v -0.254545 6.87206 -0.339869
v 0.301725 7.16628 -1.69457
v -0.436008 6.87205 -0.340282
v -0.952937 7.13702 -1.67355
v -1.19488 7.38249 -3.19472
v -0.989712 7.57815 -4.39368
v -0.977132 7.15179 -1.75171
v -1.18703 7.38522 -3.06543
v -0.945437 7.69974 -4.50741
v -0.439282 7.79337 -5.83277
vn -0.2168 -0.9762 0.0112
vn -0.3411 -0.9098 -0.2366
vn -0.378 -0.9237 -0.0627
vn -0.2174 -0.9271 -0.3053
vn 0.2588 -0.9184 -0.2991
vn 0.4482 -0.8934 -0.0307
vn 0.3928 -0.8786 -0.2717
vn 0.2054 -0.9784 0.023
vn 0.2161 0.9763 -0.011
vn 0.3397 0.9103 0.2364
vn 0.3764 0.9243 0.0632
vn 0.2165 0.9273 0.3052
vn -0.2577 0.9188 0.299
vn -0.4463 0.8944 0.0311
vn -0.3912 0.8794 0.2715
vn -0.2045 0.9786 -0.0227
vn 0.0959 0.8161 -0.5699
vn -0.7955 -0.5739 0.1944
vn 0.1924 0.3842 -0.903
vn -0.7963 -0.5006 -0.3395
vn 0.1485 0.2033 0.9678
vn -0.0006 -0.8468 0.532
vn 0.1711 0.6613 0.7304
vn 0.129 -0.6062 -0.7848
vn -0.127 -0.5594 -0.8191
vn 0.781 -0.509 -0.3618
vn 0.0185 -0.7418 0.6703
vn -0.8564 -0.5143 0.0455
vn -0.289 0.4595 -0.8399
vn 0.0124 -0.7262 -0.6874
vn 0.8018 -0.5604 0.2075
vn 0.0541 -0.7974 0.601
vn -0.8197 -0.5262 -0.2261
vn -0.1564 0.8022 -0.5762
vn -0.1775 0.6732 0.7178
vn 0.8973 -0.4355 0.0715
vn -0.0006 -0.8437 0.5368
vn -0.2576 0.2414 0.9356
vn 0.0122 -0.717 -0.6969
vn 0.8647 -0.4457 -0.2316
vt 0.97176 0.520001
vt 0.977421 0.521385
vt 0.977472 0.522597
vt 0.97176 0.528704
vt 0.177716 0.598345
vt 0.185006 0.59593
vt 0.17848 0.606934
vt 0.18448 0.609446
vt 0.455222 0.941732
vt 0.461323 0.943649
vt 0.460838 0.952424
vt 0.455222 0.955236
vt 0.132494 0.929028
vt 0.138828 0.928525
vt 0.138836 0.93696
vt 0.132482 0.930139
vt 0.132504 0.928012
vt 0.138836 0.921905
vt 0.401578 0.964539
vt 0.396156 0.961703
vt 0.401578 0.955021
vt 0.394818 0.954567
vt 0.177757 0.591454
vt 0.183781 0.588887
vt 0.738837 0.95771
vt 0.738837 0.966463
vt 0.734406 0.961543
vt 0.738372 0.967093
vt 0.850507 0.931971
vt 0.850804 0.940704
vt 0.84488 0.934797
vt 0.844885 0.933552
vt 0.185052 0.560181
vt 0.184219 0.568824
vt 0.177716 0.557711
vt 0.178204 0.571302
vt 0.910459 0.655502
vt 0.910972 0.669075
vt 0.905245 0.666493
vt 0.904378 0.657685
vt 0.505472 0.929009
vt 0.505484 0.930159
vt 0.499129 0.936982
vt 0.49913 0.92851
vt 0.50546 0.927956
vt 0.499129 0.921845
vt 0.910972 0.64839
vt 0.905413 0.651107
vt 0.185052 0.553225
vt 0.179043 0.550622
vt 0.850804 0.925552
vt 0.844893 0.932411
vt 0.074379 0.954925
vt 0.072242 0.963106
vt 0.074223 0.954887
vt 0.072078 0.963103
vt 0.052165 0.775908
vt 0.052227 0.782534
vt 0.052068 0.782487
vt 0.052006 0.775861
vt 0.904416 0.629845
vt 0.909553 0.617297
vt 0.904577 0.629901
vt 0.909728 0.617282
vt 0.981705 0.290852
vt 0.981705 0.281796
vt 0.98183 0.281804
vt 0.98183 0.29086
vt 0.250068 0.839846
vt 0.244775 0.827383
vt 0.244931 0.827318
vt 0.250243 0.839859
vt 0.052199 0.783604
vt 0.052168 0.784774
vt 0.052034 0.783596
vt 0.052006 0.784806
vt 0.294743 0.87757
vt 0.296681 0.886078
vt 0.296529 0.886109
vt 0.294583 0.877567
vt 0.827102 0.889386
vt 0.824006 0.881562
vt 0.827266 0.889387
vt 0.824157 0.881487
vt 0.824006 0.897602
vt 0.824165 0.897667
vt 0.978571 0.043251
vt 0.978845 0.05012
vt 0.978694 0.050067
vt 0.97842 0.043197
vt 0.054297 0.750293
vt 0.052006 0.741996
vt 0.054465 0.750292
vt 0.052169 0.741937
vt 0.18374 0.588776
vt 0.177716 0.591342
vt 0.904416 0.608247
vt 0.904567 0.608179
vt 0.978705 0.051394
vt 0.978577 0.052558
vt 0.978548 0.051372
vt 0.97842 0.052572
vt 0.250466 0.978793
vt 0.250466 0.969357
vt 0.250642 0.978797
vt 0.250642 0.969361
vt 0.052006 0.758321
vt 0.052161 0.758387
vt 0.563163 0.360523
vt 0.563163 0.354337
vt 0.563299 0.360538
vt 0.563299 0.354352
vt 0.074379 0.970887
vt 0.074223 0.970927
vt 0.296681 0.870307
vt 0.296533 0.870271
vt 0.180522 0.98304
vt 0.180522 0.989448
vt 0.180346 0.983024
vt 0.180346 0.989433
vt 0.244775 0.849069
vt 0.244922 0.849144
vt 0.175917 0.820245
vt 0.175917 0.824292
vt 0.175752 0.820198
vt 0.175752 0.824245
usemtl 
f 807/1923/591 808/1924/591 809/1925/591
f 807/1923/591 809/1925/591 810/1926/591
f 811/1927/592 812/1928/592 813/1929/592
f 812/1928/592 814/1930/592 813/1929/592
f 812/1931/593 807/1932/593 815/1933/593
f 812/1931/593 815/1933/593 816/1934/593
f 817/1935/594 811/1936/594 818/1937/594
f 817/1935/594 818/1937/594 819/1938/594
f 820/1939/595 821/1940/595 817/1935/595
f 821/1940/595 811/1936/595 817/1935/595
f 822/1941/596 823/1942/596 812/1943/596
f 823/1942/596 807/1944/596 812/1943/596
f 824/1945/597 825/1946/597 812/1928/597
f 824/1945/597 812/1928/597 811/1927/597
f 826/1947/598 827/1948/598 807/1949/598
f 827/1948/598 808/1950/598 807/1949/598
f 828/1951/599 829/1952/599 830/1953/599
f 828/1951/599 830/1953/599 831/1954/599
f 832/1955/600 833/1956/600 834/1957/600
f 833/1956/600 835/1958/600 834/1957/600
f 834/1959/601 836/1960/601 837/1961/601
f 834/1959/601 837/1961/601 828/1962/601
f 838/1963/602 839/1964/602 840/1965/602
f 838/1963/602 840/1965/602 832/1966/602
f 841/1967/603 838/1963/603 842/1968/603
f 838/1963/603 832/1966/603 842/1968/603
f 843/1969/604 834/1959/604 844/1970/604
f 834/1959/604 828/1962/604 844/1970/604
f 845/1971/605 832/1955/605 834/1957/605
f 845/1971/605 834/1957/605 846/1972/605
f 847/1973/606 828/1951/606 848/1974/606
f 828/1951/606 831/1954/606 848/1974/606
f 818/1975/607 811/1976/607 840/1977/607
f 811/1976/607 832/1978/607 840/1977/607
f 821/1979/608 820/1980/608 841/1981/608
f 821/1979/608 841/1981/608 842/1982/608
f 814/1983/609 812/1984/609 835/1985/609
f 812/1984/609 834/1986/609 835/1985/609
f 827/1987/610 826/1988/610 847/1989/610
f 827/1987/610 847/1989/610 848/1990/610
f 812/1991/611 816/1992/611 836/1993/611
f 812/1991/611 836/1993/611 834/1994/611
f 817/1995/612 819/1996/612 838/1997/612
f 819/1996/612 839/1998/612 838/1997/612
f 807/1999/613 810/2000/613 829/2001/613
f 807/1999/613 829/2001/613 828/2002/613
f 807/2003/614 823/2004/614 828/2005/614
f 823/2004/614 844/2006/614 828/2005/614
f 815/2007/615 807/2003/615 828/2005/615
f 815/2007/615 828/2005/615 837/2008/615
f 810/2009/616 809/2010/616 830/2011/616
f 810/2009/616 830/2011/616 829/2012/616
f 811/2013/617 813/2014/617 832/2015/617
f 813/2014/617 833/2016/617 832/2015/617
f 825/1946/618 824/1945/618 846/2017/618
f 824/1945/618 845/2018/618 846/2017/618
f 812/1984/619 825/2019/619 846/2020/619
f 812/1984/619 846/2020/619 834/1986/619
f 808/2021/620 827/2022/620 831/2023/620
f 827/2022/620 848/2024/620 831/2023/620
f 819/2025/621 818/2026/621 839/2027/621
f 818/2026/621 840/2028/621 839/2027/621
f 824/2029/622 811/2013/622 845/2030/622
f 811/2013/622 832/2015/622 845/2030/622
f 823/2031/623 822/2032/623 844/2033/623
f 822/2032/623 843/2034/623 844/2033/623
f 811/1976/624 821/2035/624 842/2036/624
f 811/1976/624 842/2036/624 832/1978/624
f 826/2037/625 807/1999/625 847/2038/625
f 807/1999/625 828/2002/625 847/2038/625
f 813/2039/626 814/2040/626 833/2041/626
f 814/2040/626 835/2042/626 833/2041/626
f 820/1980/627 817/1995/627 838/1997/627
f 820/1980/627 838/1997/627 841/1981/627
f 822/2043/628 812/1991/628 843/2044/628
f 812/1991/628 834/1994/628 843/2044/628
f 809/2010/629 808/2021/629 831/2023/629
f 809/2010/629 831/2023/629 830/2011/629
f 816/2045/630 815/2046/630 836/2047/630
f 815/2046/630 837/2048/630 836/2047/630
s off
g Plane.006
v 1.37518 8.98809 -4.33898
v 1.85245 9.11289 -5.58018
v 1.94645 9.11368 -5.54535
v 2.00481 8.81933 -4.13389
v 0.455279 8.1038 -1.71907
v 0.816815 8.76807 -3.08666
v 1.133 7.97936 -1.68323
v 1.74584 8.3469 -2.78062
v 1.96485 8.72095 -4.08084
v 1.77388 8.37493 -2.85875
v 0.044053 7.51278 -0.597398
v 1.09805 7.97589 -1.60541
v 0.130138 7.51278 -0.566226
v -0.034672 7.51278 -0.625905
v -0.08182 7.94417 -2.01396
v 0.187687 8.37301 -3.46147
v 0.777111 8.71866 -4.48664
v -0.077732 7.96852 -2.09097
v 0.158562 8.36615 -3.36002
v 0.846962 8.85175 -4.55932
v 1.76648 9.11216 -5.61204
v 1.37892 9.00466 -4.34903
v 2.01178 8.8359 -4.14518
v 1.95341 9.13025 -5.55663
v 1.85725 9.12984 -5.593
v 0.450066 8.11267 -1.70453
v 1.13352 7.98914 -1.67112
v 0.814756 8.78146 -3.08406
v 1.74636 8.35668 -2.76851
v 1.78067 8.38966 -2.86269
v 1.97164 8.73568 -4.08478
v 0.037906 7.52083 -0.581301
v 0.126999 7.52061 -0.549287
v 1.09491 7.98371 -1.58847
v -0.043482 7.52065 -0.611457
v -0.09063 7.95203 -1.99952
v 0.185085 8.38782 -3.47153
v 0.774509 8.73347 -4.4967
v -0.087616 7.97656 -2.0789
v 0.148678 8.37418 -3.34795
v 0.849316 8.86846 -4.57326
v 1.76883 9.12887 -5.62598
vn -0.1656 -0.9697 -0.1794
vn -0.2016 -0.8726 -0.4449
vn -0.2944 -0.9084 -0.297
vn -0.0614 -0.8811 -0.469
vn 0.3839 -0.8733 -0.3
vn 0.4702 -0.8824 0.0178
vn 0.4989 -0.8372 -0.2241
vn 0.2275 -0.9735 -0.0249
vn 0.1649 0.9699 0.1793
vn 0.2004 0.8731 0.4444
vn 0.2928 0.9089 0.2969
vn 0.0606 0.8813 0.4686
vn -0.3828 0.8736 0.3003
vn -0.4686 0.8833 -0.0167
vn -0.4973 0.838 0.2246
vn -0.2267 0.9736 0.0255
vn 0.2476 0.8816 -0.4019
vn -0.789 -0.5939 -0.1578
vn 0.4694 0.4952 -0.731
vn -0.6125 -0.4537 -0.6473
vn -0.196 0.0793 0.9774
vn -0.1438 -0.9072 0.3953
vn -0.1143 0.5636 0.8181
vn 0.4124 -0.5021 -0.7601
vn 0.1813 -0.4514 -0.8737
vn 0.8785 -0.4592 -0.1321
vn -0.1771 -0.8206 0.5434
vn -0.7985 -0.5159 -0.3103
vn -0.0078 0.562 -0.8271
vn 0.2751 -0.6334 -0.7232
vn 0.7079 -0.5822 0.3999
vn -0.1178 -0.867 0.4842
vn -0.6717 -0.4934 -0.5526
vn 0.013 0.8686 -0.4954
vn -0.4383 0.5771 0.6891
vn 0.8383 -0.4411 0.3204
vn -0.1456 -0.9048 0.4001
vn -0.5686 0.1211 0.8136
vn 0.2777 -0.6232 -0.7311
vn 0.9104 -0.4128 0.0254
vt 0.203833 0.969357
vt 0.209493 0.970741
vt 0.209545 0.971953
vt 0.203833 0.97806
vt 0.546757 0.614223
vt 0.554046 0.611809
vt 0.54752 0.622813
vt 0.553521 0.625325
vt 0.951104 0.608179
vt 0.957204 0.610096
vt 0.95672 0.618872
vt 0.951104 0.621683
vt 0.156623 0.929028
vt 0.162957 0.928525
vt 0.162965 0.93696
vt 0.156612 0.930139
vt 0.156634 0.928012
vt 0.162965 0.921905
vt 0.580136 0.964732
vt 0.574714 0.961896
vt 0.580136 0.955215
vt 0.573376 0.95476
vt 0.546798 0.607332
vt 0.552822 0.604766
vt 0.602158 0.967269
vt 0.602158 0.976023
vt 0.597727 0.971103
vt 0.601693 0.976652
vt 0.873904 0.931971
vt 0.874202 0.940704
vt 0.868278 0.934797
vt 0.868282 0.933552
vt 0.554093 0.57606
vt 0.553259 0.584703
vt 0.546757 0.57359
vt 0.547244 0.587181
vt 0.910459 0.693693
vt 0.910972 0.707266
vt 0.905245 0.704684
vt 0.904378 0.695875
vt 0.529628 0.929009
vt 0.52964 0.930159
vt 0.523285 0.936982
vt 0.523286 0.92851
vt 0.529616 0.927956
vt 0.523285 0.921845
vt 0.910972 0.686581
vt 0.905413 0.689298
vt 0.554093 0.569103
vt 0.548083 0.566501
vt 0.874202 0.925552
vt 0.86829 0.932411
vt 0.667231 0.954904
vt 0.665094 0.963085
vt 0.667075 0.954865
vt 0.66493 0.963081
vt 0.980642 0.450716
vt 0.980704 0.457342
vt 0.980545 0.457295
vt 0.980483 0.450669
vt 0.904516 0.400415
vt 0.909652 0.387868
vt 0.904676 0.400472
vt 0.909827 0.387853
vt 0.780585 0.985008
vt 0.780585 0.975952
vt 0.78071 0.97596
vt 0.78071 0.985015
vt 0.186033 0.896251
vt 0.180741 0.883787
vt 0.180896 0.883722
vt 0.186209 0.896263
vt 0.980676 0.458412
vt 0.980645 0.459582
vt 0.980511 0.458404
vt 0.980483 0.459614
vt 0.479538 0.87817
vt 0.481476 0.886678
vt 0.481324 0.886709
vt 0.479378 0.878168
vt 0.960443 0.118327
vt 0.957348 0.110503
vt 0.960608 0.118328
vt 0.957498 0.110427
vt 0.957348 0.126543
vt 0.957507 0.126608
vt 0.978571 0.070099
vt 0.978845 0.076968
vt 0.978419 0.070045
vt 0.978694 0.076914
vt 0.481416 0.917424
vt 0.479125 0.909127
vt 0.481584 0.917423
vt 0.479287 0.909068
vt 0.552781 0.604654
vt 0.546757 0.607221
vt 0.904516 0.378818
vt 0.904666 0.37875
vt 0.978705 0.078242
vt 0.978577 0.079406
vt 0.978548 0.07822
vt 0.978419 0.079419
vt 0.979128 0.971718
vt 0.979128 0.962281
vt 0.979304 0.962285
vt 0.979304 0.971722
vt 0.479125 0.925452
vt 0.47928 0.925518
vt 0.734406 0.990753
vt 0.734406 0.984566
vt 0.734543 0.990768
vt 0.734543 0.984581
vt 0.667231 0.970865
vt 0.667074 0.970905
vt 0.481476 0.870907
vt 0.481327 0.870871
vt 0.687509 0.983634
vt 0.687509 0.990042
vt 0.687333 0.990026
vt 0.687333 0.983618
vt 0.180741 0.905474
vt 0.180888 0.905548
vt 0.849825 0.35707
vt 0.849825 0.361117
vt 0.84966 0.357023
vt 0.84966 0.36107
usemtl 
f 849/2049/631 850/2050/631 851/2051/631
f 849/2049/631 851/2051/631 852/2052/631
f 853/2053/632 854/2054/632 855/2055/632
f 854/2054/632 856/2056/632 855/2055/632
f 854/2057/633 849/2058/633 857/2059/633
f 854/2057/633 857/2059/633 858/2060/633
f 859/2061/634 853/2062/634 860/2063/634
f 859/2061/634 860/2063/634 861/2064/634
f 862/2065/635 863/2066/635 859/2061/635
f 863/2066/635 853/2062/635 859/2061/635
f 864/2067/636 865/2068/636 854/2069/636
f 865/2068/636 849/2070/636 854/2069/636
f 866/2071/637 867/2072/637 854/2054/637
f 866/2071/637 854/2054/637 853/2053/637
f 868/2073/638 869/2074/638 849/2075/638
f 869/2074/638 850/2076/638 849/2075/638
f 870/2077/639 871/2078/639 872/2079/639
f 870/2077/639 872/2079/639 873/2080/639
f 874/2081/640 875/2082/640 876/2083/640
f 875/2082/640 877/2084/640 876/2083/640
f 876/2085/641 878/2086/641 879/2087/641
f 876/2085/641 879/2087/641 870/2088/641
f 880/2089/642 881/2090/642 882/2091/642
f 880/2089/642 882/2091/642 874/2092/642
f 883/2093/643 880/2089/643 884/2094/643
f 880/2089/643 874/2092/643 884/2094/643
f 885/2095/644 876/2085/644 886/2096/644
f 876/2085/644 870/2088/644 886/2096/644
f 887/2097/645 874/2081/645 876/2083/645
f 887/2097/645 876/2083/645 888/2098/645
f 889/2099/646 870/2077/646 890/2100/646
f 870/2077/646 873/2080/646 890/2100/646
f 860/2101/647 853/2102/647 882/2103/647
f 853/2102/647 874/2104/647 882/2103/647
f 863/2105/648 862/2106/648 883/2107/648
f 863/2105/648 883/2107/648 884/2108/648
f 856/2109/649 854/2110/649 877/2111/649
f 854/2110/649 876/2112/649 877/2111/649
f 869/2113/650 868/2114/650 889/2115/650
f 869/2113/650 889/2115/650 890/2116/650
f 854/2117/651 858/2118/651 878/2119/651
f 854/2117/651 878/2119/651 876/2120/651
f 859/2121/652 861/2122/652 880/2123/652
f 861/2122/652 881/2124/652 880/2123/652
f 849/2125/653 852/2126/653 871/2127/653
f 849/2125/653 871/2127/653 870/2128/653
f 849/2129/654 865/2130/654 870/2131/654
f 865/2130/654 886/2132/654 870/2131/654
f 857/2133/655 849/2129/655 870/2131/655
f 857/2133/655 870/2131/655 879/2134/655
f 852/2135/656 851/2136/656 871/2137/656
f 851/2136/656 872/2138/656 871/2137/656
f 853/2139/657 855/2140/657 874/2141/657
f 855/2140/657 875/2142/657 874/2141/657
f 867/2072/658 866/2071/658 888/2143/658
f 866/2071/658 887/2144/658 888/2143/658
f 854/2110/659 867/2145/659 888/2146/659
f 854/2110/659 888/2146/659 876/2112/659
f 850/2147/660 869/2148/660 873/2149/660
f 869/2148/660 890/2150/660 873/2149/660
f 861/2151/661 860/2152/661 882/2153/661
f 861/2151/661 882/2153/661 881/2154/661
f 866/2155/662 853/2139/662 887/2156/662
f 853/2139/662 874/2141/662 887/2156/662
f 865/2157/663 864/2158/663 886/2159/663
f 864/2158/663 885/2160/663 886/2159/663
f 853/2102/664 863/2161/664 884/2162/664
f 853/2102/664 884/2162/664 874/2104/664
f 868/2163/665 849/2125/665 889/2164/665
f 849/2125/665 870/2128/665 889/2164/665
f 855/2165/666 856/2166/666 877/2167/666
f 855/2165/666 877/2167/666 875/2168/666
f 862/2106/667 859/2121/667 880/2123/667
f 862/2106/667 880/2123/667 883/2107/667
f 864/2169/668 854/2117/668 885/2170/668
f 854/2117/668 876/2120/668 885/2170/668
f 851/2136/669 850/2147/669 873/2149/669
f 851/2136/669 873/2149/669 872/2138/669
f 858/2171/670 857/2172/670 878/2173/670
f 857/2172/670 879/2174/670 878/2173/670
s off
g Plane.007
v -0.904431 11.1286 -4.10433
v -0.89974 11.5266 -5.3872
v -0.799766 11.5341 -5.38683
v -0.219129 10.9868 -4.1845
v -0.758907 9.633 -1.60742
v -0.839985 10.4473 -2.84984
v -0.095471 9.57908 -1.84476
v 0.056804 10.2326 -2.9693
v -0.230849 10.8754 -4.1451
v 0.053011 10.2788 -3.04369
v -0.688669 8.76399 -0.593249
v -0.099823 9.55588 -1.76271
v -0.597329 8.77025 -0.59374
v -0.7722 8.75827 -0.5928
v -1.34293 9.43578 -1.74617
v -1.64007 10.1671 -3.06097
v -1.48222 10.7823 -4.11667
v -1.36838 9.47473 -1.81232
v -1.63029 10.1369 -2.96007
v -1.45199 10.9353 -4.17611
v -0.991168 11.5198 -5.38754
v -0.905572 11.1427 -4.10802
v -0.217767 11.0024 -4.19254
v -0.798404 11.5497 -5.39487
v -0.900774 11.5427 -5.39591
v -0.759301 9.63791 -1.59496
v -0.092536 9.58652 -1.83662
v -0.840738 10.4569 -2.8446
v 0.059739 10.2401 -2.96115
v 0.056032 10.2902 -3.04279
v -0.227828 10.8869 -4.14421
v -0.688987 8.76632 -0.577494
v -0.59488 8.77271 -0.578427
v -0.097374 9.55834 -1.7474
v -0.7753 8.76032 -0.577633
v -1.34603 9.43783 -1.73101
v -1.64489 10.1776 -3.05942
v -1.48704 10.7928 -4.11512
v -1.3723 9.48114 -1.80336
v -1.63421 10.1433 -2.95111
v -1.45556 10.9509 -4.18506
v -0.994739 11.5354 -5.3965
vn -0.1909 -0.9314 -0.31
vn -0.2584 -0.8175 -0.5147
vn -0.294 -0.8577 -0.4218
vn -0.1999 -0.7616 -0.6164
vn 0.3434 -0.7135 -0.6107
vn 0.4307 -0.7943 -0.4284
vn 0.3741 -0.764 -0.5256
vn 0.3157 -0.9014 -0.2961
vn 0.1899 0.9314 0.3104
vn 0.2576 0.8177 0.5148
vn 0.293 0.8579 0.4221
vn 0.1988 0.762 0.6164
vn -0.3422 0.7141 0.6107
vn -0.4296 0.7948 0.4287
vn -0.3733 0.7644 0.5257
vn -0.3145 0.9017 0.2966
vn -0.2532 0.9301 -0.2661
vn -0.2445 0.347 0.9054
vn 0.9477 -0.3144 -0.0544
vn 0.0684 -0.9867 0.1471
vn -0.1248 -0.3492 0.9287
vn 0.0397 -0.468 -0.8828
vn 0.912 -0.213 -0.3504
vn 0.0538 0.9641 -0.2599
vn -0.7174 -0.6946 -0.053
vn 0.0437 0.6135 -0.7884
vn -0.7362 -0.456 -0.5001
vn 0.1522 -0.2917 0.9443
vn 0.0684 -0.9867 0.1476
vn 0.1837 0.3599 0.9147
vn 0.06 -0.0721 -0.9956
vn -0.0946 -0.1013 -0.9903
vn 0.7764 -0.3409 -0.5301
vn 0.1123 -0.8583 0.5006
vn -0.8872 -0.4573 -0.0614
vn -0.1451 0.6325 -0.7608
vn 0.041 -0.483 -0.8747
vn 0.8175 -0.5747 -0.0383
vn 0.065 -0.8769 0.4763
vn -0.8732 -0.3528 -0.3362
vt 0.687333 0.95715
vt 0.692908 0.958759
vt 0.692969 0.959974
vt 0.687333 0.966145
vt 0.88014 0.426264
vt 0.887042 0.425786
vt 0.880794 0.435091
vt 0.886771 0.437657
vt 0.574353 0.892752
vt 0.580813 0.893016
vt 0.579871 0.902039
vt 0.574158 0.904613
vt 0.925163 0.527157
vt 0.931572 0.526525
vt 0.931444 0.535191
vt 0.925143 0.528272
vt 0.925181 0.526138
vt 0.931553 0.520077
vt 0.574158 0.883992
vt 0.579703 0.886735
vt 0.880146 0.419551
vt 0.886173 0.417023
vt 0.978561 0.37875
vt 0.973325 0.385747
vt 0.972587 0.378857
vt 0.972587 0.385972
vt 0.077607 0.928387
vt 0.077974 0.937409
vt 0.072078 0.931482
vt 0.072083 0.930236
vt 0.05151 0.853901
vt 0.050803 0.862769
vt 0.044569 0.853397
vt 0.044817 0.865314
vt 0.806355 0.890298
vt 0.806533 0.90221
vt 0.800819 0.899636
vt 0.79985 0.890565
vt 0.935912 0.579222
vt 0.935912 0.580372
vt 0.929495 0.587185
vt 0.929495 0.578483
vt 0.93591 0.578169
vt 0.929641 0.572
vt 0.806533 0.881487
vt 0.800988 0.88423
vt 0.05151 0.847142
vt 0.045491 0.844592
vt 0.07797 0.922213
vt 0.072091 0.929093
vt 0.107161 0.96086
vt 0.109666 0.96852
vt 0.109539 0.968557
vt 0.107025 0.96086
vt 0.078056 0.922276
vt 0.07767 0.928427
vt 0.953653 0.384728
vt 0.951203 0.3788
vt 0.951333 0.37875
vt 0.953783 0.384678
vt 0.053971 0.619403
vt 0.054184 0.618734
vt 0.054321 0.618755
vt 0.054095 0.619445
vt 0.933304 0.944728
vt 0.938423 0.937296
vt 0.933401 0.944714
vt 0.938545 0.937259
vt 0.781025 0.912118
vt 0.780811 0.913382
vt 0.780696 0.913359
vt 0.780917 0.912066
vt 0.936701 0.930931
vt 0.933304 0.928747
vt 0.933415 0.928666
vt 0.936812 0.930849
vt 0.109666 0.952559
vt 0.109539 0.952525
vt 0.931515 0.520001
vt 0.925143 0.526061
vt 0.689059 0.905653
vt 0.69271 0.894363
vt 0.689192 0.905695
vt 0.69285 0.89436
vt 0.331752 0.986673
vt 0.331752 0.977623
vt 0.331858 0.977632
vt 0.331858 0.986681
vt 0.054417 0.618003
vt 0.054557 0.618001
vt 0.078056 0.937413
vt 0.957808 0.250353
vt 0.95434 0.24269
vt 0.957938 0.250351
vt 0.954467 0.242637
vt 0.95434 0.258731
vt 0.954468 0.258779
vt 0.780606 0.905143
vt 0.780499 0.905091
vt 0.954977 0.389943
vt 0.955113 0.389938
vt 0.886167 0.41694
vt 0.88014 0.419468
vt 0.689059 0.884055
vt 0.68919 0.884009
vt 0.780615 0.914537
vt 0.780499 0.914547
vt 0.053971 0.608592
vt 0.054111 0.60859
vt 0.951203 0.395249
vt 0.951321 0.395258
vt 0.579737 0.886647
vt 0.574192 0.883904
usemtl 
f 891/2175/671 892/2176/671 893/2177/671
f 891/2175/671 893/2177/671 894/2178/671
f 895/2179/672 896/2180/672 897/2181/672
f 896/2180/672 898/2182/672 897/2181/672
f 896/2183/673 891/2184/673 899/2185/673
f 896/2183/673 899/2185/673 900/2186/673
f 901/2187/674 895/2188/674 902/2189/674
f 901/2187/674 902/2189/674 903/2190/674
f 904/2191/675 905/2192/675 901/2187/675
f 905/2192/675 895/2188/675 901/2187/675
f 906/2193/676 907/2194/676 896/2183/676
f 907/2194/676 891/2184/676 896/2183/676
f 908/2195/677 909/2196/677 896/2180/677
f 908/2195/677 896/2180/677 895/2179/677
f 910/2197/678 911/2198/678 891/2199/678
f 911/2198/678 892/2200/678 891/2199/678
f 912/2201/679 913/2202/679 914/2203/679
f 912/2201/679 914/2203/679 915/2204/679
f 916/2205/680 917/2206/680 918/2207/680
f 917/2206/680 919/2208/680 918/2207/680
f 918/2209/681 920/2210/681 921/2211/681
f 918/2209/681 921/2211/681 912/2212/681
f 922/2213/682 923/2214/682 924/2215/682
f 922/2213/682 924/2215/682 916/2216/682
f 925/2217/683 922/2213/683 926/2218/683
f 922/2213/683 916/2216/683 926/2218/683
f 927/2219/684 918/2209/684 928/2220/684
f 918/2209/684 912/2212/684 928/2220/684
f 929/2221/685 916/2205/685 918/2207/685
f 929/2221/685 918/2207/685 930/2222/685
f 931/2223/686 912/2201/686 932/2224/686
f 912/2201/686 915/2204/686 932/2224/686
f 895/2225/687 905/2226/687 926/2227/687
f 895/2225/687 926/2227/687 916/2228/687
f 910/2229/688 891/2230/688 931/2223/688
f 891/2230/688 912/2201/688 931/2223/688
f 897/2231/689 898/2232/689 919/2233/689
f 897/2231/689 919/2233/689 917/2234/689
f 904/2235/690 901/2236/690 922/2237/690
f 904/2235/690 922/2237/690 925/2238/690
f 906/2239/691 896/2240/691 927/2241/691
f 896/2240/691 918/2242/691 927/2241/691
f 893/2243/692 892/2244/692 915/2245/692
f 893/2243/692 915/2245/692 914/2246/692
f 900/2247/693 899/2248/693 921/2249/693
f 900/2247/693 921/2249/693 920/2250/693
f 902/2251/694 895/2225/694 924/2252/694
f 895/2225/694 916/2228/694 924/2252/694
f 905/2192/695 904/2191/695 926/2253/695
f 904/2191/695 925/2254/695 926/2253/695
f 898/2255/696 896/2256/696 919/2257/696
f 896/2256/696 918/2258/696 919/2257/696
f 911/2259/697 910/2260/697 931/2261/697
f 911/2259/697 931/2261/697 932/2262/697
f 896/2240/698 900/2247/698 920/2250/698
f 896/2240/698 920/2250/698 918/2242/698
f 901/2236/699 903/2263/699 922/2237/699
f 903/2263/699 923/2264/699 922/2237/699
f 891/2230/700 894/2265/700 913/2202/700
f 891/2230/700 913/2202/700 912/2201/700
f 891/2266/701 907/2267/701 912/2268/701
f 907/2267/701 928/2269/701 912/2268/701
f 899/2270/702 891/2266/702 912/2268/702
f 899/2270/702 912/2268/702 921/2271/702
f 894/2272/703 893/2243/703 914/2246/703
f 894/2272/703 914/2246/703 913/2273/703
f 895/2274/704 897/2231/704 916/2275/704
f 897/2231/704 917/2234/704 916/2275/704
f 909/2196/705 908/2195/705 930/2276/705
f 908/2195/705 929/2277/705 930/2276/705
f 896/2256/706 909/2278/706 930/2279/706
f 896/2256/706 930/2279/706 918/2258/706
f 892/2244/707 911/2280/707 915/2245/707
f 911/2280/707 932/2281/707 915/2245/707
f 903/2263/708 902/2282/708 924/2283/708
f 903/2263/708 924/2283/708 923/2264/708
f 908/2284/709 895/2274/709 916/2275/709
f 908/2284/709 916/2275/709 929/2285/709
f 907/2194/710 906/2193/710 928/2286/710
f 906/2193/710 927/2287/710 928/2286/710
s off
g Plane.008
v -0.112182 8.06733 0.857123
v -0.078291 7.54826 -0.381263
v 0.021941 7.54653 -0.380181
v 0.556133 7.85513 0.924294
v -0.092246 8.51529 3.73664
v -0.104182 8.34654 2.2586
v 0.561578 8.27112 3.62583
v 0.767547 8.0374 2.35387
v 0.534211 7.79627 1.02501
v 0.767641 8.02521 2.26711
v -0.097756 8.49671 5.0739
v 0.55559 8.30635 3.70337
v -0.006239 8.49417 5.0746
v -0.181449 8.49903 5.07326
v -0.693174 8.32047 3.72371
v -0.928496 8.05853 2.23113
v -0.72015 7.83922 1.03681
v -0.715263 8.30974 3.64666
v -0.920951 8.09943 2.32837
v -0.675993 7.91566 0.89511
v -0.169953 7.54984 -0.382253
v -0.112011 8.07582 0.845222
v 0.558911 7.86179 0.908228
v 0.024718 7.55318 -0.396247
v -0.077865 7.55498 -0.398226
v -0.092095 8.52706 3.74304
v 0.565255 8.28179 3.62749
v -0.103991 8.3573 2.25645
v 0.771224 8.04807 2.35553
v 0.771737 8.0343 2.26064
v 0.538306 7.80536 1.01855
v -0.09775 8.50861 5.08448
v -0.003469 8.50568 5.08492
v 0.55836 8.31786 3.71368
v -0.184244 8.51055 5.08342
v -0.695968 8.33199 3.73387
v -0.932304 8.06788 2.22536
v -0.723958 7.84858 1.03105
v -0.718503 8.32068 3.64922
v -0.92419 8.11037 2.33094
v -0.678135 7.92209 0.878079
v -0.172095 7.55627 -0.399283
vn -0.28 -0.8953 0.3465
vn -0.3378 -0.9344 0.1129
vn -0.3764 -0.9028 0.2079
vn -0.2749 -0.9615 0.0025
vn 0.2706 -0.9627 0.0063
vn 0.351 -0.9142 0.2027
vn 0.2969 -0.9491 0.1055
vn 0.2273 -0.9024 0.3662
vn 0.279 0.8957 -0.3463
vn 0.337 0.9347 -0.113
vn 0.3754 0.9032 -0.2079
vn 0.2738 0.9618 -0.0028
vn -0.2693 0.963 -0.0067
vn -0.3499 0.9146 -0.2027
vn -0.2961 0.9493 -0.1057
vn -0.226 0.9028 -0.366
vn -0.166 0.559 -0.8124
vn -0.2048 0.8643 0.4595
vn 0.9134 -0.3475 0.2118
vn -0.0241 -0.6643 0.7471
vn -0.1512 0.3384 0.9288
vn -0.0104 -0.9265 -0.3762
vn 0.8856 -0.4572 -0.0822
vn 0.1429 0.5654 -0.8124
vn -0.7801 -0.5094 0.3632
vn 0.0963 -0.0405 -0.9945
vn -0.7792 -0.6124 -0.1333
vn 0.1301 0.3711 0.9194
vn -0.0241 -0.664 0.7474
vn 0.2228 0.8473 0.4822
vn 0.0464 -0.698 -0.7146
vn -0.1102 -0.7052 -0.7004
vn 0.7373 -0.6596 -0.1459
vn 0.034 -0.343 0.9387
vn -0.9268 -0.3205 0.1957
vn -0.0896 0.0062 -0.996
vn -0.0105 -0.9328 -0.3604
vn 0.7593 -0.5259 0.3832
vn -0.015 -0.3691 0.9293
vn -0.9048 -0.4181 -0.0811
vt 0.84488 0.958178
vt 0.850455 0.959786
vt 0.850516 0.961002
vt 0.84488 0.967172
vt 0.88014 0.464455
vt 0.887042 0.463976
vt 0.880794 0.473281
vt 0.886771 0.475847
vt 0.072274 0.892879
vt 0.078734 0.893143
vt 0.077792 0.902166
vt 0.072078 0.90474
vt 0.925847 0.324393
vt 0.932256 0.32376
vt 0.932128 0.332426
vt 0.925827 0.325508
vt 0.925865 0.323374
vt 0.932237 0.317313
vt 0.072078 0.884119
vt 0.077623 0.886862
vt 0.880146 0.457741
vt 0.886173 0.455213
vt 0.295375 0.971398
vt 0.290139 0.978395
vt 0.2894 0.971506
vt 0.2894 0.97862
vt 0.670459 0.928365
vt 0.670826 0.937388
vt 0.66493 0.931461
vt 0.664935 0.930214
vt 0.879445 0.865694
vt 0.878737 0.874562
vt 0.872504 0.86519
vt 0.872751 0.877107
vt 0.436427 0.890332
vt 0.436605 0.902244
vt 0.430891 0.899669
vt 0.429922 0.890599
vt 0.015154 0.927996
vt 0.015154 0.929146
vt 0.008737 0.935959
vt 0.008737 0.927257
vt 0.015151 0.926943
vt 0.008882 0.920774
vt 0.436605 0.88152
vt 0.43106 0.884264
vt 0.879445 0.858935
vt 0.873426 0.856385
vt 0.670822 0.922192
vt 0.664943 0.929071
vt 0.823878 0.961635
vt 0.826382 0.969295
vt 0.826255 0.969332
vt 0.823741 0.961634
vt 0.670908 0.922254
vt 0.670522 0.928405
vt 0.954772 0.781152
vt 0.952322 0.775223
vt 0.954902 0.781101
vt 0.952453 0.775173
vt 0.24987 0.630719
vt 0.250083 0.630051
vt 0.25022 0.630072
vt 0.249994 0.630762
vt 0.942339 0.872447
vt 0.947458 0.865014
vt 0.942436 0.872433
vt 0.94758 0.864978
vt 0.249788 0.942849
vt 0.249574 0.944112
vt 0.249459 0.944089
vt 0.24968 0.942797
vt 0.945736 0.858649
vt 0.942339 0.856466
vt 0.94245 0.856385
vt 0.945847 0.858568
vt 0.826382 0.953333
vt 0.826255 0.953299
vt 0.925827 0.323297
vt 0.932199 0.317237
vt 0.734927 0.906212
vt 0.738579 0.894922
vt 0.735061 0.906254
vt 0.738719 0.89492
vt 0.268135 0.987024
vt 0.268135 0.977974
vt 0.268241 0.977982
vt 0.268241 0.987032
vt 0.250316 0.62932
vt 0.250456 0.629318
vt 0.670908 0.937392
vt 0.959488 0.936381
vt 0.956019 0.928719
vt 0.959617 0.936379
vt 0.956146 0.928666
vt 0.956019 0.94476
vt 0.956147 0.944808
vt 0.24937 0.935874
vt 0.249262 0.935822
vt 0.956097 0.786367
vt 0.956232 0.786361
vt 0.886167 0.45513
vt 0.88014 0.457658
vt 0.734927 0.884615
vt 0.735059 0.884569
vt 0.249378 0.945267
vt 0.249262 0.945277
vt 0.24987 0.619909
vt 0.25001 0.619907
vt 0.952322 0.791672
vt 0.95244 0.791681
vt 0.072113 0.884031
vt 0.077658 0.886774
usemtl 
f 933/2288/711 934/2289/711 935/2290/711
f 933/2288/711 935/2290/711 936/2291/711
f 937/2292/712 938/2293/712 939/2294/712
f 938/2293/712 940/2295/712 939/2294/712
f 938/2296/713 933/2297/713 941/2298/713
f 938/2296/713 941/2298/713 942/2299/713
f 943/2300/714 937/2301/714 944/2302/714
f 943/2300/714 944/2302/714 945/2303/714
f 946/2304/715 947/2305/715 943/2300/715
f 947/2305/715 937/2301/715 943/2300/715
f 948/2306/716 949/2307/716 938/2296/716
f 949/2307/716 933/2297/716 938/2296/716
f 950/2308/717 951/2309/717 938/2293/717
f 950/2308/717 938/2293/717 937/2292/717
f 952/2310/718 953/2311/718 933/2312/718
f 953/2311/718 934/2313/718 933/2312/718
f 954/2314/719 955/2315/719 956/2316/719
f 954/2314/719 956/2316/719 957/2317/719
f 958/2318/720 959/2319/720 960/2320/720
f 959/2319/720 961/2321/720 960/2320/720
f 960/2322/721 962/2323/721 963/2324/721
f 960/2322/721 963/2324/721 954/2325/721
f 964/2326/722 965/2327/722 966/2328/722
f 964/2326/722 966/2328/722 958/2329/722
f 967/2330/723 964/2326/723 968/2331/723
f 964/2326/723 958/2329/723 968/2331/723
f 969/2332/724 960/2322/724 970/2333/724
f 960/2322/724 954/2325/724 970/2333/724
f 971/2334/725 958/2318/725 960/2320/725
f 971/2334/725 960/2320/725 972/2335/725
f 973/2336/726 954/2314/726 974/2337/726
f 954/2314/726 957/2317/726 974/2337/726
f 937/2338/727 947/2339/727 968/2340/727
f 937/2338/727 968/2340/727 958/2341/727
f 952/2342/728 933/2343/728 973/2336/728
f 933/2343/728 954/2314/728 973/2336/728
f 939/2344/729 940/2345/729 959/2346/729
f 940/2345/729 961/2347/729 959/2346/729
f 946/2348/730 943/2349/730 964/2350/730
f 946/2348/730 964/2350/730 967/2351/730
f 948/2352/731 938/2353/731 969/2354/731
f 938/2353/731 960/2355/731 969/2354/731
f 935/2356/732 934/2357/732 957/2358/732
f 935/2356/732 957/2358/732 956/2359/732
f 942/2360/733 941/2361/733 963/2362/733
f 942/2360/733 963/2362/733 962/2363/733
f 944/2364/734 937/2338/734 966/2365/734
f 937/2338/734 958/2341/734 966/2365/734
f 947/2305/735 946/2304/735 967/2366/735
f 947/2305/735 967/2366/735 968/2367/735
f 940/2368/736 938/2369/736 961/2370/736
f 938/2369/736 960/2371/736 961/2370/736
f 953/2372/737 952/2373/737 973/2374/737
f 953/2372/737 973/2374/737 974/2375/737
f 938/2353/738 942/2360/738 962/2363/738
f 938/2353/738 962/2363/738 960/2355/738
f 943/2349/739 945/2376/739 964/2350/739
f 945/2376/739 965/2377/739 964/2350/739
f 933/2343/740 936/2378/740 955/2315/740
f 933/2343/740 955/2315/740 954/2314/740
f 933/2379/741 949/2380/741 954/2381/741
f 949/2380/741 970/2382/741 954/2381/741
f 941/2383/742 933/2379/742 954/2381/742
f 941/2383/742 954/2381/742 963/2384/742
f 936/2385/743 935/2356/743 955/2386/743
f 935/2356/743 956/2359/743 955/2386/743
f 937/2387/744 939/2344/744 958/2388/744
f 939/2344/744 959/2346/744 958/2388/744
f 951/2309/745 950/2308/745 972/2389/745
f 950/2308/745 971/2390/745 972/2389/745
f 938/2369/746 951/2391/746 972/2392/746
f 938/2369/746 972/2392/746 960/2371/746
f 934/2357/747 953/2393/747 957/2358/747
f 953/2393/747 974/2394/747 957/2358/747
f 945/2376/748 944/2395/748 965/2377/748
f 944/2395/748 966/2396/748 965/2377/748
f 950/2397/749 937/2387/749 958/2388/749
f 950/2397/749 958/2388/749 971/2398/749
f 949/2307/750 948/2306/750 969/2399/750
f 949/2307/750 969/2399/750 970/2400/750
s off
g Plane.009
v -0.141859 9.52648 0.495282
v -0.479692 8.87932 -0.632209
v -0.386371 8.88802 -0.667789
v 0.528964 9.39284 0.326983
v 0.838243 10.2912 3.13106
v 0.325266 9.95896 1.77471
v 1.43681 10.1047 2.80499
v 1.20738 9.75352 1.56443
v 0.552464 9.34359 0.432397
v 1.17832 9.73184 1.48466
v 1.31058 10.4207 4.37555
v 1.45401 10.1475 2.87682
v 1.39581 10.4277 4.34286
v 1.23263 10.4144 4.40545
v 0.304376 10.0354 3.352
v -0.407695 9.58652 2.0701
v -0.609306 9.25849 0.899788
v 0.258041 10.014 3.28928
v -0.371746 9.63853 2.15489
v -0.629187 9.32285 0.747027
v -0.565034 8.87135 -0.59967
v -0.147081 9.53356 0.483611
v 0.524921 9.39793 0.310612
v -0.390413 8.8931 -0.68416
v -0.486237 8.88412 -0.648555
v 0.839056 10.3035 3.13617
v 1.43934 10.1158 2.80447
v 0.323214 9.96937 1.77192
v 1.20992 9.76463 1.56392
v 1.17857 9.74053 1.47656
v 0.552719 9.35228 0.424295
v 1.31272 10.4337 4.38458
v 1.40047 10.4405 4.35066
v 1.45867 10.1603 2.88461
v 1.23208 10.4266 4.41514
v 0.303832 10.0476 3.36169
v -0.414537 9.59474 2.06553
v -0.616147 9.26671 0.895212
v 0.254468 10.0247 3.29212
v -0.375319 9.64929 2.15774
v -0.638091 9.32709 0.731578
v -0.573938 8.8756 -0.615119
vn -0.0141 -0.8753 0.4834
vn -0.1452 -0.9458 0.2904
vn -0.1515 -0.908 0.3906
vn -0.1226 -0.9784 0.1667
vn 0.3834 -0.9231 -0.0294
vn 0.5209 -0.8451 0.1202
vn 0.4412 -0.8959 0.0521
vn 0.463 -0.8279 0.3164
vn 0.0132 0.8756 -0.4829
vn 0.1444 0.946 -0.2902
vn 0.1505 0.9083 -0.3903
vn 0.1215 0.9785 -0.1665
vn -0.3824 0.9235 0.0286
vn -0.52 0.8456 -0.1206
vn -0.4405 0.8962 -0.0526
vn -0.4618 0.8285 -0.3167
vn -0.5181 0.4452 -0.7303
vn -0.1438 0.8843 0.4442
vn 0.9673 -0.2261 -0.1149
vn 0.3334 -0.5761 0.7463
vn 0.144 0.4222 0.895
vn -0.0172 -0.9587 -0.284
vn 0.852 -0.3701 -0.3702
vn -0.2332 0.4833 -0.8438
vn -0.5232 -0.5434 0.6565
vn -0.2586 -0.1406 -0.9557
vn -0.6847 -0.7002 0.2021
vn 0.3964 0.4823 0.7812
vn 0.3334 -0.5758 0.7465
vn 0.262 0.914 0.3098
vn -0.1159 -0.7646 -0.634
vn -0.2547 -0.7862 -0.5631
vn 0.7198 -0.5925 -0.3617
vn 0.4115 -0.2313 0.8816
vn -0.744 -0.3903 0.5423
vn -0.4374 -0.1137 -0.892
vn -0.0108 -0.9631 -0.2689
vn 0.9099 -0.3993 0.1125
vn 0.3663 -0.2632 0.8925
vn -0.8087 -0.5152 0.2837
vt 0.868278 0.958178
vt 0.873852 0.959786
vt 0.873913 0.961002
vt 0.868278 0.967172
vt 0.880284 0.159312
vt 0.887186 0.158834
vt 0.880938 0.168139
vt 0.886915 0.170705
vt 0.665125 0.892857
vt 0.671585 0.893121
vt 0.670643 0.902145
vt 0.66493 0.904718
vt 0.927221 0.615335
vt 0.93363 0.614703
vt 0.933503 0.623369
vt 0.927201 0.61645
vt 0.927239 0.614316
vt 0.933611 0.608256
vt 0.66493 0.884097
vt 0.670475 0.88684
vt 0.88029 0.152599
vt 0.886318 0.150071
vt 0.97968 0.775173
vt 0.974445 0.78217
vt 0.973706 0.77528
vt 0.973706 0.782395
vt 0.716327 0.928925
vt 0.716694 0.937948
vt 0.710798 0.932021
vt 0.710803 0.930774
vt 0.883541 0.52931
vt 0.882833 0.538178
vt 0.8766 0.528806
vt 0.876847 0.540723
vt 0.11353 0.89048
vt 0.113707 0.902393
vt 0.107993 0.899818
vt 0.107025 0.890747
vt 0.935984 0.484319
vt 0.935984 0.485469
vt 0.929567 0.492282
vt 0.929567 0.48358
vt 0.935982 0.483266
vt 0.929713 0.477097
vt 0.113707 0.881669
vt 0.108163 0.884413
vt 0.883541 0.522551
vt 0.877521 0.520001
vt 0.71669 0.922751
vt 0.710811 0.929631
vt 0.008873 0.961768
vt 0.011377 0.969428
vt 0.011251 0.969465
vt 0.008737 0.961768
vt 0.716776 0.922814
vt 0.71639 0.928965
vt 0.954772 0.815134
vt 0.952322 0.809205
vt 0.954902 0.815083
vt 0.952453 0.809155
vt 0.053971 0.647731
vt 0.054184 0.647062
vt 0.054321 0.647083
vt 0.054095 0.647773
vt 0.620026 0.949796
vt 0.625145 0.942364
vt 0.620123 0.949782
vt 0.625267 0.942327
vt 0.781111 0.95605
vt 0.780897 0.957313
vt 0.780782 0.95729
vt 0.781004 0.955998
vt 0.623423 0.935999
vt 0.620026 0.933815
vt 0.623534 0.935918
vt 0.620137 0.933734
vt 0.011377 0.953467
vt 0.011251 0.953432
vt 0.933573 0.608179
vt 0.927201 0.614239
vt 0.908762 0.224686
vt 0.912414 0.213396
vt 0.908896 0.224728
vt 0.912554 0.213393
vt 0.799499 0.989573
vt 0.799499 0.980524
vt 0.799605 0.980532
vt 0.799605 0.989582
vt 0.054417 0.646331
vt 0.054557 0.646329
vt 0.716776 0.937951
vt 0.317641 0.951723
vt 0.314172 0.944061
vt 0.31777 0.951721
vt 0.3143 0.944008
vt 0.314172 0.960102
vt 0.314301 0.96015
vt 0.780693 0.949075
vt 0.780585 0.949023
vt 0.956097 0.820349
vt 0.956232 0.820343
vt 0.886312 0.149988
vt 0.880284 0.152516
vt 0.908762 0.203089
vt 0.908894 0.203042
vt 0.780701 0.958468
vt 0.780585 0.958479
vt 0.053971 0.63692
vt 0.054111 0.636919
vt 0.952322 0.825654
vt 0.95244 0.825663
vt 0.664964 0.884009
vt 0.670509 0.886752
usemtl 
f 975/2401/751 976/2402/751 977/2403/751
f 975/2401/751 977/2403/751 978/2404/751
f 979/2405/752 980/2406/752 981/2407/752
f 980/2406/752 982/2408/752 981/2407/752
f 980/2409/753 975/2410/753 983/2411/753
f 980/2409/753 983/2411/753 984/2412/753
f 985/2413/754 979/2414/754 986/2415/754
f 985/2413/754 986/2415/754 987/2416/754
f 988/2417/755 989/2418/755 985/2413/755
f 989/2418/755 979/2414/755 985/2413/755
f 990/2419/756 991/2420/756 980/2409/756
f 991/2420/756 975/2410/756 980/2409/756
f 992/2421/757 993/2422/757 980/2406/757
f 992/2421/757 980/2406/757 979/2405/757
f 994/2423/758 995/2424/758 975/2425/758
f 995/2424/758 976/2426/758 975/2425/758
f 996/2427/759 997/2428/759 998/2429/759
f 996/2427/759 998/2429/759 999/2430/759
f 1000/2431/760 1001/2432/760 1002/2433/760
f 1001/2432/760 1003/2434/760 1002/2433/760
f 1002/2435/761 1004/2436/761 1005/2437/761
f 1002/2435/761 1005/2437/761 996/2438/761
f 1006/2439/762 1007/2440/762 1008/2441/762
f 1006/2439/762 1008/2441/762 1000/2442/762
f 1009/2443/763 1006/2439/763 1010/2444/763
f 1006/2439/763 1000/2442/763 1010/2444/763
f 1011/2445/764 1002/2435/764 1012/2446/764
f 1002/2435/764 996/2438/764 1012/2446/764
f 1013/2447/765 1000/2431/765 1002/2433/765
f 1013/2447/765 1002/2433/765 1014/2448/765
f 1015/2449/766 996/2427/766 1016/2450/766
f 996/2427/766 999/2430/766 1016/2450/766
f 979/2451/767 989/2452/767 1010/2453/767
f 979/2451/767 1010/2453/767 1000/2454/767
f 994/2455/768 975/2456/768 1015/2449/768
f 975/2456/768 996/2427/768 1015/2449/768
f 981/2457/769 982/2458/769 1001/2459/769
f 982/2458/769 1003/2460/769 1001/2459/769
f 988/2461/770 985/2462/770 1006/2463/770
f 988/2461/770 1006/2463/770 1009/2464/770
f 990/2465/771 980/2466/771 1011/2467/771
f 980/2466/771 1002/2468/771 1011/2467/771
f 977/2469/772 976/2470/772 999/2471/772
f 977/2469/772 999/2471/772 998/2472/772
f 984/2473/773 983/2474/773 1004/2475/773
f 983/2474/773 1005/2476/773 1004/2475/773
f 986/2477/774 979/2451/774 1008/2478/774
f 979/2451/774 1000/2454/774 1008/2478/774
f 989/2418/775 988/2417/775 1010/2479/775
f 988/2417/775 1009/2480/775 1010/2479/775
f 982/2481/776 980/2482/776 1003/2483/776
f 980/2482/776 1002/2484/776 1003/2483/776
f 995/2485/777 994/2486/777 1015/2487/777
f 995/2485/777 1015/2487/777 1016/2488/777
f 980/2466/778 984/2473/778 1004/2475/778
f 980/2466/778 1004/2475/778 1002/2468/778
f 985/2462/779 987/2489/779 1006/2463/779
f 987/2489/779 1007/2490/779 1006/2463/779
f 975/2456/780 978/2491/780 997/2428/780
f 975/2456/780 997/2428/780 996/2427/780
f 975/2492/781 991/2493/781 996/2494/781
f 991/2493/781 1012/2495/781 996/2494/781
f 983/2496/782 975/2492/782 996/2494/782
f 983/2496/782 996/2494/782 1005/2497/782
f 978/2498/783 977/2469/783 998/2472/783
f 978/2498/783 998/2472/783 997/2499/783
f 979/2500/784 981/2457/784 1000/2501/784
f 981/2457/784 1001/2459/784 1000/2501/784
f 993/2422/785 992/2421/785 1014/2502/785
f 992/2421/785 1013/2503/785 1014/2502/785
f 980/2482/786 993/2504/786 1014/2505/786
f 980/2482/786 1014/2505/786 1002/2484/786
f 976/2470/787 995/2506/787 999/2471/787
f 995/2506/787 1016/2507/787 999/2471/787
f 987/2489/788 986/2508/788 1008/2509/788
f 987/2489/788 1008/2509/788 1007/2490/788
f 992/2510/789 979/2500/789 1000/2501/789
f 992/2510/789 1000/2501/789 1013/2511/789
f 991/2420/790 990/2419/790 1011/2512/790
f 991/2420/790 1011/2512/790 1012/2513/790
s off
g Plane.010
v 0.9893 8.27393 0.288995
v -0.156268 7.72198 -0.143692
v -0.125496 7.72744 -0.238949
v 1.26163 8.11202 -0.340138
v 3.71987 8.80763 1.15608
v 2.31475 8.59456 0.716256
v 3.81971 8.60751 0.485728
v 2.67887 8.35134 -0.103996
v 1.35415 8.05476 -0.292676
v 2.59673 8.33661 -0.130708
v 4.99484 8.82849 1.5594
v 3.89016 8.64452 0.516665
v 5.02271 8.83251 1.47229
v 4.96935 8.82481 1.63907
v 3.53942 8.57016 1.71311
v 2.05895 8.24782 1.47621
v 0.992167 8.0085 0.908256
v 3.45991 8.5556 1.71051
v 2.15192 8.29203 1.50048
v 0.866259 8.08364 0.828421
v -0.18441 7.717 -0.056579
v 0.977576 8.28205 0.285782
v 1.24679 8.11837 -0.347185
v -0.140332 7.7338 -0.245996
v -0.172658 7.72821 -0.148763
v 3.72544 8.81956 1.15854
v 3.82185 8.61847 0.483353
v 2.31221 8.60524 0.716067
v 2.68101 8.36229 -0.106371
v 2.59132 8.34578 -0.136
v 1.34874 8.06393 -0.297968
v 5.00434 8.84067 1.56326
v 5.03279 8.84449 1.47341
v 3.90024 8.6565 0.517786
v 4.97764 8.8364 1.64545
v 3.54771 8.58175 1.71948
v 2.05186 8.2567 1.47867
v 0.985078 8.01738 0.910717
v 3.46086 8.56634 1.71501
v 2.15287 8.30278 1.50498
v 0.849061 8.08939 0.825758
v -0.201608 7.72275 -0.059241
vn 0.2921 -0.9023 0.3171
vn 0.0542 -0.9524 0.3001
vn 0.1318 -0.9208 0.3672
vn -0.0312 -0.9781 0.2057
vn 0.1339 -0.9403 -0.3129
vn 0.3425 -0.8804 -0.328
vn 0.2356 -0.9219 -0.3075
vn 0.4613 -0.8726 -0.1606
vn -0.2923 0.9026 -0.3161
vn -0.0545 0.9526 -0.2994
vn -0.1321 0.9211 -0.3662
vn 0.0307 0.9783 -0.2047
vn -0.1338 0.9408 0.3116
vn -0.3422 0.8809 0.3269
vn -0.2355 0.9222 0.3067
vn -0.4608 0.8731 0.1595
vn -0.8518 0.5213 -0.0513
vn 0.3349 0.8607 0.3834
vn 0.4895 -0.275 -0.8275
vn 0.7385 -0.6418 0.2066
vn 0.8245 0.3543 0.4413
vn -0.316 -0.9356 -0.1572
vn 0.2063 -0.3951 -0.8952
vn -0.7607 0.5497 -0.3451
vn 0.141 -0.5527 0.8213
vn -0.9182 -0.063 -0.391
vn -0.3273 -0.6701 0.6662
vn 0.8972 0.4066 0.1725
vn 0.7388 -0.6415 0.2067
vn 0.4838 0.875 -0.0181
vn -0.6333 -0.7139 -0.2989
vn -0.6658 -0.7317 -0.1459
vn 0.1117 -0.6094 -0.7849
vn 0.9226 -0.3116 0.2275
vn -0.0716 -0.3798 0.9223
vn -0.9769 -0.0298 -0.2115
vn -0.3006 -0.9414 -0.1528
vn 0.6163 -0.4588 -0.6401
vn 0.9003 -0.3414 0.2698
vn -0.3243 -0.4838 0.8129
vt 0.903894 0.959103
vt 0.909468 0.960712
vt 0.909529 0.961927
vt 0.903894 0.968098
vt 0.880454 0.018061
vt 0.887356 0.017583
vt 0.881108 0.026888
vt 0.887085 0.029454
vt 0.710994 0.893417
vt 0.717454 0.893681
vt 0.716512 0.902704
vt 0.710798 0.905278
vt 0.92732 0.385906
vt 0.93373 0.385273
vt 0.933602 0.39394
vt 0.9273 0.387021
vt 0.927338 0.384887
vt 0.93371 0.378826
vt 0.710798 0.884657
vt 0.716343 0.8874
vt 0.88046 0.011348
vt 0.886488 0.00882
vt 0.97968 0.799869
vt 0.974445 0.806866
vt 0.973706 0.799976
vt 0.973706 0.807091
vt 0.938833 0.902166
vt 0.9392 0.911189
vt 0.933304 0.905262
vt 0.933309 0.904015
vt 0.884225 0.326545
vt 0.883517 0.335413
vt 0.877284 0.326042
vt 0.877531 0.337959
vt 0.015242 0.891388
vt 0.015419 0.9033
vt 0.009705 0.900726
vt 0.008737 0.891655
vt 0.936128 0.15721
vt 0.936128 0.15836
vt 0.929711 0.165173
vt 0.929711 0.156471
vt 0.936126 0.156158
vt 0.929857 0.149988
vt 0.015419 0.882577
vt 0.009874 0.88532
vt 0.884225 0.319787
vt 0.878205 0.317237
vt 0.939196 0.895993
vt 0.933317 0.902872
vt 0.044706 0.961979
vt 0.04721 0.969639
vt 0.047084 0.969676
vt 0.044569 0.961978
vt 0.939282 0.896055
vt 0.938896 0.902206
vt 0.954797 0.654369
vt 0.952348 0.648441
vt 0.954928 0.654319
vt 0.952478 0.648391
vt 0.24987 0.659048
vt 0.250083 0.658379
vt 0.25022 0.6584
vt 0.249994 0.65909
vt 0.203833 0.951883
vt 0.208951 0.944451
vt 0.203929 0.95187
vt 0.209074 0.944415
vt 0.977617 0.935693
vt 0.977403 0.936956
vt 0.977288 0.936933
vt 0.977509 0.935641
vt 0.20723 0.938086
vt 0.203833 0.935903
vt 0.203944 0.935822
vt 0.207341 0.938005
vt 0.04721 0.953678
vt 0.047084 0.953643
vt 0.933672 0.37875
vt 0.9273 0.38481
vt 0.909623 0.264281
vt 0.913275 0.252991
vt 0.909757 0.264323
vt 0.913415 0.252988
vt 0.429922 0.989607
vt 0.429922 0.980558
vt 0.430028 0.980566
vt 0.430028 0.989615
vt 0.250316 0.657648
vt 0.250456 0.657646
vt 0.939282 0.911193
vt 0.338906 0.951723
vt 0.335437 0.944061
vt 0.339035 0.951721
vt 0.335565 0.944008
vt 0.335437 0.960102
vt 0.335566 0.96015
vt 0.977198 0.928718
vt 0.977091 0.928666
vt 0.956122 0.659584
vt 0.956258 0.659578
vt 0.880454 0.011265
vt 0.886482 0.008737
vt 0.909623 0.242684
vt 0.909755 0.242637
vt 0.977207 0.938111
vt 0.977091 0.938122
vt 0.24987 0.648237
vt 0.25001 0.648235
vt 0.952348 0.664889
vt 0.952465 0.664899
vt 0.716378 0.887312
vt 0.710833 0.884569
usemtl 
f 1017/2514/791 1018/2515/791 1019/2516/791
f 1017/2514/791 1019/2516/791 1020/2517/791
f 1021/2518/792 1022/2519/792 1023/2520/792
f 1022/2519/792 1024/2521/792 1023/2520/792
f 1022/2522/793 1017/2523/793 1025/2524/793
f 1022/2522/793 1025/2524/793 1026/2525/793
f 1027/2526/794 1021/2527/794 1028/2528/794
f 1027/2526/794 1028/2528/794 1029/2529/794
f 1030/2530/795 1031/2531/795 1027/2526/795
f 1031/2531/795 1021/2527/795 1027/2526/795
f 1032/2532/796 1033/2533/796 1022/2522/796
f 1033/2533/796 1017/2523/796 1022/2522/796
f 1034/2534/797 1035/2535/797 1022/2519/797
f 1034/2534/797 1022/2519/797 1021/2518/797
f 1036/2536/798 1037/2537/798 1017/2538/798
f 1037/2537/798 1018/2539/798 1017/2538/798
f 1038/2540/799 1039/2541/799 1040/2542/799
f 1038/2540/799 1040/2542/799 1041/2543/799
f 1042/2544/800 1043/2545/800 1044/2546/800
f 1043/2545/800 1045/2547/800 1044/2546/800
f 1044/2548/801 1046/2549/801 1047/2550/801
f 1044/2548/801 1047/2550/801 1038/2551/801
f 1048/2552/802 1049/2553/802 1050/2554/802
f 1048/2552/802 1050/2554/802 1042/2555/802
f 1051/2556/803 1048/2552/803 1052/2557/803
f 1048/2552/803 1042/2555/803 1052/2557/803
f 1053/2558/804 1044/2548/804 1054/2559/804
f 1044/2548/804 1038/2551/804 1054/2559/804
f 1055/2560/805 1042/2544/805 1044/2546/805
f 1055/2560/805 1044/2546/805 1056/2561/805
f 1057/2562/806 1038/2540/806 1058/2563/806
f 1038/2540/806 1041/2543/806 1058/2563/806
f 1021/2564/807 1031/2565/807 1052/2566/807
f 1021/2564/807 1052/2566/807 1042/2567/807
f 1036/2568/808 1017/2569/808 1057/2562/808
f 1017/2569/808 1038/2540/808 1057/2562/808
f 1023/2570/809 1024/2571/809 1043/2572/809
f 1024/2571/809 1045/2573/809 1043/2572/809
f 1030/2574/810 1027/2575/810 1048/2576/810
f 1030/2574/810 1048/2576/810 1051/2577/810
f 1032/2578/811 1022/2579/811 1053/2580/811
f 1022/2579/811 1044/2581/811 1053/2580/811
f 1019/2582/812 1018/2583/812 1041/2584/812
f 1019/2582/812 1041/2584/812 1040/2585/812
f 1026/2586/813 1025/2587/813 1047/2588/813
f 1026/2586/813 1047/2588/813 1046/2589/813
f 1028/2590/814 1021/2564/814 1050/2591/814
f 1021/2564/814 1042/2567/814 1050/2591/814
f 1031/2531/815 1030/2530/815 1052/2592/815
f 1030/2530/815 1051/2593/815 1052/2592/815
f 1024/2594/816 1022/2595/816 1045/2596/816
f 1022/2595/816 1044/2597/816 1045/2596/816
f 1037/2598/817 1036/2599/817 1057/2600/817
f 1037/2598/817 1057/2600/817 1058/2601/817
f 1022/2579/818 1026/2586/818 1046/2589/818
f 1022/2579/818 1046/2589/818 1044/2581/818
f 1027/2575/819 1029/2602/819 1048/2576/819
f 1029/2602/819 1049/2603/819 1048/2576/819
f 1017/2569/820 1020/2604/820 1039/2541/820
f 1017/2569/820 1039/2541/820 1038/2540/820
f 1017/2605/821 1033/2606/821 1038/2607/821
f 1033/2606/821 1054/2608/821 1038/2607/821
f 1025/2609/822 1017/2605/822 1038/2607/822
f 1025/2609/822 1038/2607/822 1047/2610/822
f 1020/2611/823 1019/2582/823 1040/2585/823
f 1020/2611/823 1040/2585/823 1039/2612/823
f 1021/2613/824 1023/2570/824 1042/2614/824
f 1023/2570/824 1043/2572/824 1042/2614/824
f 1035/2535/825 1034/2534/825 1055/2615/825
f 1035/2535/825 1055/2615/825 1056/2616/825
f 1022/2595/826 1035/2617/826 1056/2618/826
f 1022/2595/826 1056/2618/826 1044/2597/826
f 1018/2583/827 1037/2619/827 1041/2584/827
f 1037/2619/827 1058/2620/827 1041/2584/827
f 1029/2602/828 1028/2621/828 1049/2603/828
f 1028/2621/828 1050/2622/828 1049/2603/828
f 1034/2623/829 1021/2613/829 1042/2614/829
f 1034/2623/829 1042/2614/829 1055/2624/829
f 1033/2533/830 1032/2532/830 1054/2625/830
f 1032/2532/830 1053/2626/830 1054/2625/830
s off
g Plane.011
v -3.96918 8.62926 1.21607
v -5.22051 8.62986 1.70429
v -5.25899 8.63139 1.61173
v -4.24902 8.43133 0.600687
v -1.37758 7.93166 0.080446
v -2.68462 8.34607 0.657625
v -1.81406 7.77243 -0.452018
v -3.05509 8.05512 -0.144033
v -4.17711 8.33742 0.590705
v -3.13297 8.07738 -0.11061
v -0.251879 7.39825 -0.406292
v -1.73322 7.77477 -0.479348
v -0.287602 7.39888 -0.490588
v -0.21921 7.39768 -0.329203
v -1.22801 7.73581 0.662263
v -2.49534 8.06204 1.4618
v -3.66634 8.32814 1.73719
v -1.28856 7.75488 0.712366
v -2.40097 8.06249 1.41404
v -3.77501 8.45485 1.73973
v -5.18533 8.62846 1.78894
v -3.97618 8.64168 1.2193
v -4.26123 8.44377 0.603269
v -5.27119 8.64382 1.61431
v -5.23254 8.64262 1.70936
v -1.3679 7.94003 0.076539
v -1.81015 7.78176 -0.457292
v -2.68255 8.35683 0.65696
v -3.05118 8.06445 -0.149308
v -3.13667 8.0884 -0.113081
v -4.18081 8.34845 0.588234
v -0.238545 7.40514 -0.411628
v -0.275711 7.40561 -0.498324
v -1.72133 7.7815 -0.487085
v -0.205292 7.40428 -0.331756
v -1.2141 7.74241 0.65971
v -2.49529 8.07275 1.46632
v -3.66629 8.33886 1.74171
v -1.28111 7.76385 0.713099
v -2.39352 8.07146 1.41477
v -3.78621 8.46728 1.74722
v -5.19653 8.64089 1.79644
vn 0.0711 -0.9689 0.2369
vn -0.1185 -0.9169 0.3811
vn -0.0116 -0.9258 0.3778
vn -0.2461 -0.897 0.3672
vn -0.4542 -0.8803 -0.1368
vn -0.3014 -0.9086 -0.2892
vn -0.3755 -0.9051 -0.1993
vn -0.111 -0.9651 -0.2371
vn -0.0704 0.9692 -0.2361
vn 0.1188 0.9172 -0.3803
vn 0.0121 0.9262 -0.377
vn 0.2464 0.8974 -0.3661
vn 0.4536 0.8808 0.1357
vn 0.3011 0.909 0.2882
vn 0.3752 0.9054 0.1986
vn 0.1109 0.9655 0.2358
vn -0.4165 0.8229 0.3864
vn 0.7862 0.6122 -0.0842
vn -0.3023 -0.3698 -0.8786
vn 0.3959 -0.9015 -0.1745
vn 0.9683 -0.0518 -0.2442
vn -0.6556 -0.7092 0.2592
vn -0.5804 -0.3585 -0.7312
vn -0.5335 0.8398 0.101
vn 0.4208 -0.6374 0.6455
vn -0.8929 0.3499 0.2835
vn -0.0372 -0.5407 0.8404
vn 0.8637 -0.0081 -0.5039
vn 0.3963 -0.9014 -0.1747
vn 0.6338 0.6029 -0.4846
vn -0.8794 -0.3661 0.3045
vn -0.8095 -0.3836 0.4444
vn -0.6516 -0.5258 -0.5468
vn 0.6539 -0.6772 -0.3372
vn 0.4056 -0.4038 0.82
vn -0.805 0.3869 0.4498
vn -0.6445 -0.7212 0.2541
vn -0.1636 -0.6059 -0.7786
vn 0.6552 -0.6994 -0.2854
vn 0.1271 -0.3861 0.9137
vt 0.358079 0.961539
vt 0.363654 0.963147
vt 0.363714 0.964363
vt 0.358079 0.970533
vt 0.880454 0.056252
vt 0.887356 0.055773
vt 0.881108 0.065078
vt 0.887085 0.067644
vt 0.90121 0.528849
vt 0.90767 0.529113
vt 0.906727 0.538136
vt 0.901014 0.54071
vt 0.928439 0.78233
vt 0.934849 0.781697
vt 0.934721 0.790363
vt 0.92842 0.783444
vt 0.928458 0.78131
vt 0.934829 0.77525
vt 0.901014 0.520089
vt 0.906559 0.522832
vt 0.88046 0.049538
vt 0.886488 0.04701
vt 0.97968 0.824564
vt 0.974445 0.831561
vt 0.973706 0.824672
vt 0.973706 0.831786
vt 0.939425 0.04937
vt 0.939792 0.058393
vt 0.933897 0.052466
vt 0.933901 0.05122
vt 0.886817 0.784482
vt 0.88611 0.79335
vt 0.879877 0.783978
vt 0.880124 0.795895
vt 0.051074 0.891599
vt 0.051252 0.903511
vt 0.045538 0.900937
vt 0.044569 0.891866
vt 0.050987 0.928207
vt 0.050986 0.929357
vt 0.044569 0.93617
vt 0.044569 0.927468
vt 0.050984 0.927154
vt 0.044715 0.920985
vt 0.051252 0.882788
vt 0.045707 0.885531
vt 0.886817 0.777723
vt 0.880798 0.775173
vt 0.939789 0.043197
vt 0.93391 0.050077
vt 0.132619 0.962769
vt 0.135123 0.970429
vt 0.134997 0.970466
vt 0.132482 0.962768
vt 0.939874 0.04326
vt 0.939489 0.049411
vt 0.954797 0.688351
vt 0.952348 0.682423
vt 0.952478 0.682373
vt 0.954928 0.688301
vt 0.053971 0.676059
vt 0.054184 0.675391
vt 0.054321 0.675412
vt 0.054095 0.676102
vt 0.226547 0.951883
vt 0.231666 0.944451
vt 0.226644 0.95187
vt 0.231788 0.944415
vt 0.978018 0.424972
vt 0.977804 0.426236
vt 0.977689 0.426213
vt 0.97791 0.42492
vt 0.229944 0.938086
vt 0.226547 0.935903
vt 0.226659 0.935822
vt 0.230056 0.938005
vt 0.135123 0.954468
vt 0.134997 0.954433
vt 0.92842 0.781233
vt 0.934792 0.775173
vt 0.921074 0.878029
vt 0.924725 0.866739
vt 0.921207 0.878071
vt 0.924865 0.866736
vt 0.547441 0.990187
vt 0.547441 0.981137
vt 0.547547 0.981145
vt 0.547547 0.990195
vt 0.054417 0.67466
vt 0.054557 0.674658
vt 0.939874 0.058397
vt 0.960224 0.902766
vt 0.956756 0.895104
vt 0.960354 0.902764
vt 0.956883 0.895051
vt 0.956756 0.911144
vt 0.956884 0.911193
vt 0.977599 0.417998
vt 0.977492 0.417946
vt 0.956122 0.693566
vt 0.956258 0.69356
vt 0.886482 0.046927
vt 0.880454 0.049455
vt 0.921074 0.856431
vt 0.921205 0.856385
vt 0.977608 0.427391
vt 0.977492 0.427401
vt 0.053971 0.665249
vt 0.054111 0.665247
vt 0.952348 0.698871
vt 0.952465 0.698881
vt 0.906594 0.522744
vt 0.901048 0.520001
usemtl 
f 1059/2627/831 1060/2628/831 1061/2629/831
f 1059/2627/831 1061/2629/831 1062/2630/831
f 1063/2631/832 1064/2632/832 1065/2633/832
f 1064/2632/832 1066/2634/832 1065/2633/832
f 1064/2635/833 1059/2636/833 1067/2637/833
f 1064/2635/833 1067/2637/833 1068/2638/833
f 1069/2639/834 1063/2640/834 1070/2641/834
f 1069/2639/834 1070/2641/834 1071/2642/834
f 1072/2643/835 1073/2644/835 1069/2639/835
f 1073/2644/835 1063/2640/835 1069/2639/835
f 1074/2645/836 1075/2646/836 1064/2635/836
f 1075/2646/836 1059/2636/836 1064/2635/836
f 1076/2647/837 1077/2648/837 1064/2632/837
f 1076/2647/837 1064/2632/837 1063/2631/837
f 1078/2649/838 1079/2650/838 1059/2651/838
f 1079/2650/838 1060/2652/838 1059/2651/838
f 1080/2653/839 1081/2654/839 1082/2655/839
f 1080/2653/839 1082/2655/839 1083/2656/839
f 1084/2657/840 1085/2658/840 1086/2659/840
f 1085/2658/840 1087/2660/840 1086/2659/840
f 1086/2661/841 1088/2662/841 1089/2663/841
f 1086/2661/841 1089/2663/841 1080/2664/841
f 1090/2665/842 1091/2666/842 1092/2667/842
f 1090/2665/842 1092/2667/842 1084/2668/842
f 1093/2669/843 1090/2665/843 1094/2670/843
f 1090/2665/843 1084/2668/843 1094/2670/843
f 1095/2671/844 1086/2661/844 1096/2672/844
f 1086/2661/844 1080/2664/844 1096/2672/844
f 1097/2673/845 1084/2657/845 1086/2659/845
f 1097/2673/845 1086/2659/845 1098/2674/845
f 1099/2675/846 1080/2653/846 1100/2676/846
f 1080/2653/846 1083/2656/846 1100/2676/846
f 1063/2677/847 1073/2678/847 1094/2679/847
f 1063/2677/847 1094/2679/847 1084/2680/847
f 1078/2681/848 1059/2682/848 1099/2675/848
f 1059/2682/848 1080/2653/848 1099/2675/848
f 1065/2683/849 1066/2684/849 1087/2685/849
f 1065/2683/849 1087/2685/849 1085/2686/849
f 1072/2687/850 1069/2688/850 1090/2689/850
f 1072/2687/850 1090/2689/850 1093/2690/850
f 1074/2691/851 1064/2692/851 1095/2693/851
f 1064/2692/851 1086/2694/851 1095/2693/851
f 1061/2695/852 1060/2696/852 1083/2697/852
f 1061/2695/852 1083/2697/852 1082/2698/852
f 1068/2699/853 1067/2700/853 1089/2701/853
f 1068/2699/853 1089/2701/853 1088/2702/853
f 1070/2703/854 1063/2677/854 1092/2704/854
f 1063/2677/854 1084/2680/854 1092/2704/854
f 1073/2644/855 1072/2643/855 1093/2705/855
f 1073/2644/855 1093/2705/855 1094/2706/855
f 1066/2707/856 1064/2708/856 1087/2709/856
f 1064/2708/856 1086/2710/856 1087/2709/856
f 1079/2711/857 1078/2712/857 1099/2713/857
f 1079/2711/857 1099/2713/857 1100/2714/857
f 1064/2692/858 1068/2699/858 1088/2702/858
f 1064/2692/858 1088/2702/858 1086/2694/858
f 1069/2688/859 1071/2715/859 1090/2689/859
f 1071/2715/859 1091/2716/859 1090/2689/859
f 1059/2682/860 1062/2717/860 1081/2654/860
f 1059/2682/860 1081/2654/860 1080/2653/860
f 1059/2718/861 1075/2719/861 1080/2720/861
f 1075/2719/861 1096/2721/861 1080/2720/861
f 1067/2722/862 1059/2718/862 1080/2720/862
f 1067/2722/862 1080/2720/862 1089/2723/862
f 1062/2724/863 1061/2695/863 1081/2725/863
f 1061/2695/863 1082/2698/863 1081/2725/863
f 1063/2726/864 1065/2683/864 1084/2727/864
f 1065/2683/864 1085/2686/864 1084/2727/864
f 1077/2648/865 1076/2647/865 1098/2728/865
f 1076/2647/865 1097/2729/865 1098/2728/865
f 1064/2708/866 1077/2730/866 1098/2731/866
f 1064/2708/866 1098/2731/866 1086/2710/866
f 1060/2696/867 1079/2732/867 1083/2697/867
f 1079/2732/867 1100/2733/867 1083/2697/867
f 1071/2715/868 1070/2734/868 1092/2735/868
f 1071/2715/868 1092/2735/868 1091/2716/868
f 1076/2736/869 1063/2726/869 1084/2727/869
f 1076/2736/869 1084/2727/869 1097/2737/869
f 1075/2646/870 1074/2645/870 1096/2738/870
f 1074/2645/870 1095/2739/870 1096/2738/870
s off
g Plane.012
v -4.5452 8.86254 -2.1972
v -5.78066 8.86315 -2.72428
v -5.74336 8.86467 -2.81732
v -4.31438 8.66462 -2.8326
v -1.89932 8.16494 -1.19451
v -3.23684 8.57936 -1.69703
v -1.83842 8.00572 -1.88032
v -2.94039 8.28841 -2.52891
v -4.25603 8.57071 -2.7894
v -3.0194 8.31066 -2.55955
v -0.754622 7.63154 -0.754309
v -1.76155 8.00806 -1.84325
v -0.72114 7.63216 -0.83952
v -0.785241 7.63097 -0.676383
v -2.1997 7.9691 -0.674268
v -3.66448 8.29533 -0.990173
v -4.69361 8.56143 -1.61303
v -2.27801 7.98817 -0.680859
v -3.56364 8.29578 -0.958238
v -4.77301 8.68814 -1.68728
v -5.81478 8.86175 -2.63919
v -4.55245 8.87496 -2.1998
v -4.3249 8.67705 -2.8393
v -5.75388 8.87711 -2.82402
v -5.79281 8.8759 -2.72907
v -1.88967 8.17332 -1.19053
v -1.83193 8.01505 -1.88134
v -3.2349 8.59011 -1.69606
v -2.9339 8.29774 -2.52994
v -3.02031 8.32168 -2.5639
v -4.25694 8.58173 -2.79375
v -0.741364 7.63843 -0.748788
v -0.707232 7.63889 -0.836723
v -1.74764 8.01479 -1.84046
v -0.773514 7.63757 -0.668466
v -2.18797 7.9757 -0.666351
v -3.66761 8.30604 -0.986908
v -4.69674 8.57215 -1.60977
v -2.2732 7.99714 -0.67512
v -3.55884 8.30475 -0.952499
v -4.78625 8.70057 -1.68977
v -5.82802 8.87417 -2.64167
vn -0.115 -0.9689 0.2189
vn -0.3513 -0.9169 0.1893
vn -0.2727 -0.9258 0.2618
vn -0.4327 -0.897 0.09
vn -0.2287 -0.8803 -0.4156
vn -0.0129 -0.9086 -0.4176
vn -0.1287 -0.9051 -0.4052
vn 0.0866 -0.9651 -0.247
vn 0.1149 0.9692 -0.2179
vn 0.3511 0.9172 -0.1885
vn 0.2725 0.9262 -0.2608
vn 0.4322 0.8974 -0.089
vn 0.229 0.8808 0.4144
vn 0.0134 0.909 0.4166
vn 0.129 0.9054 0.4044
vn -0.0858 0.9655 0.246
vn -0.5679 0.8229 -0.0155
vn 0.6205 0.6122 0.4902
vn 0.399 -0.3698 -0.8391
vn 0.4049 -0.9015 0.1525
vn 0.8626 -0.0518 0.5033
vn -0.6497 -0.7092 -0.2737
vn 0.0972 -0.3585 -0.9285
vn -0.4517 0.8398 -0.3013
vn -0.1512 -0.6374 0.7556
vn -0.8361 0.3499 -0.4224
vn -0.6148 -0.5407 0.5742
vn 0.9696 -0.0081 0.2446
vn 0.4053 -0.9014 0.1526
vn 0.7919 0.6029 0.0975
vn -0.8412 -0.3661 -0.398
vn -0.8893 -0.3836 -0.2491
vn -0.0827 -0.5258 -0.8466
vn 0.7031 -0.6772 0.2168
vn -0.2842 -0.4038 0.8696
vn -0.8898 0.3869 -0.2421
vn -0.6382 -0.7212 -0.2696
vn 0.428 -0.6059 -0.6706
vn 0.6678 -0.6994 0.2547
vn -0.5486 -0.3861 0.7416
vt 0.93291 0.962201
vt 0.938485 0.96381
vt 0.938545 0.965025
vt 0.93291 0.971196
vt 0.880454 0.097634
vt 0.887356 0.097155
vt 0.881108 0.10646
vt 0.887085 0.109026
vt 0.901894 0.326085
vt 0.908354 0.326349
vt 0.907412 0.335372
vt 0.901698 0.337946
vt 0.92844 0.814993
vt 0.934849 0.81436
vt 0.934721 0.823026
vt 0.92842 0.816108
vt 0.928458 0.813973
vt 0.934829 0.807913
vt 0.901698 0.317325
vt 0.907243 0.320068
vt 0.88046 0.09092
vt 0.886487 0.088392
vt 0.979706 0.64839
vt 0.97447 0.655388
vt 0.973731 0.648498
vt 0.973731 0.655613
vt 0.939425 0.082044
vt 0.939792 0.091067
vt 0.933897 0.08514
vt 0.933901 0.083893
vt 0.886817 0.822677
vt 0.88611 0.831545
vt 0.879877 0.822173
vt 0.880124 0.83409
vt 0.903423 0.865196
vt 0.9036 0.877109
vt 0.897886 0.874534
vt 0.896918 0.865464
vt 0.936298 0.015959
vt 0.936298 0.017109
vt 0.929881 0.023922
vt 0.929881 0.01522
vt 0.936296 0.014906
vt 0.930027 0.008737
vt 0.9036 0.856385
vt 0.898056 0.859129
vt 0.886817 0.815918
vt 0.880798 0.813368
vt 0.939789 0.07587
vt 0.93391 0.08275
vt 0.152733 0.962769
vt 0.155237 0.970429
vt 0.155111 0.970466
vt 0.152597 0.962768
vt 0.939875 0.075933
vt 0.939489 0.082084
vt 0.955797 0.730718
vt 0.953347 0.724789
vt 0.955927 0.730668
vt 0.953478 0.724739
vt 0.24987 0.687376
vt 0.250083 0.686707
vt 0.25022 0.686728
vt 0.249994 0.687418
vt 0.2894 0.953925
vt 0.294519 0.946492
vt 0.289497 0.953911
vt 0.294641 0.946456
vt 0.978048 0.358847
vt 0.977834 0.360111
vt 0.97772 0.360088
vt 0.977941 0.358795
vt 0.292797 0.940127
vt 0.2894 0.937944
vt 0.292908 0.940046
vt 0.289511 0.937863
vt 0.155237 0.954468
vt 0.155111 0.954433
vt 0.934792 0.807836
vt 0.92842 0.813897
vt 0.314172 0.926493
vt 0.317824 0.915203
vt 0.314306 0.926535
vt 0.317964 0.9152
vt 0.710798 0.990942
vt 0.710798 0.981892
vt 0.710904 0.981901
vt 0.710904 0.99095
vt 0.250316 0.685976
vt 0.250456 0.685974
vt 0.939875 0.09107
vt 0.271604 0.952074
vt 0.268135 0.944411
vt 0.271733 0.952072
vt 0.268263 0.944359
vt 0.268135 0.960452
vt 0.268264 0.9605
vt 0.97763 0.351873
vt 0.977522 0.351821
vt 0.957122 0.735933
vt 0.957258 0.735927
vt 0.880454 0.090837
vt 0.886481 0.088309
vt 0.314172 0.904896
vt 0.314304 0.904849
vt 0.977638 0.361266
vt 0.977522 0.361276
vt 0.24987 0.676565
vt 0.25001 0.676564
vt 0.953347 0.741238
vt 0.953465 0.741248
vt 0.907278 0.31998
vt 0.901732 0.317237
usemtl 
f 1101/2740/871 1102/2741/871 1103/2742/871
f 1101/2740/871 1103/2742/871 1104/2743/871
f 1105/2744/872 1106/2745/872 1107/2746/872
f 1106/2745/872 1108/2747/872 1107/2746/872
f 1106/2748/873 1101/2749/873 1109/2750/873
f 1106/2748/873 1109/2750/873 1110/2751/873
f 1111/2752/874 1105/2753/874 1112/2754/874
f 1111/2752/874 1112/2754/874 1113/2755/874
f 1114/2756/875 1115/2757/875 1111/2752/875
f 1115/2757/875 1105/2753/875 1111/2752/875
f 1116/2758/876 1117/2759/876 1106/2748/876
f 1117/2759/876 1101/2749/876 1106/2748/876
f 1118/2760/877 1119/2761/877 1106/2745/877
f 1118/2760/877 1106/2745/877 1105/2744/877
f 1120/2762/878 1121/2763/878 1101/2764/878
f 1121/2763/878 1102/2765/878 1101/2764/878
f 1122/2766/879 1123/2767/879 1124/2768/879
f 1122/2766/879 1124/2768/879 1125/2769/879
f 1126/2770/880 1127/2771/880 1128/2772/880
f 1127/2771/880 1129/2773/880 1128/2772/880
f 1128/2774/881 1130/2775/881 1131/2776/881
f 1128/2774/881 1131/2776/881 1122/2777/881
f 1132/2778/882 1133/2779/882 1134/2780/882
f 1132/2778/882 1134/2780/882 1126/2781/882
f 1135/2782/883 1132/2778/883 1136/2783/883
f 1132/2778/883 1126/2781/883 1136/2783/883
f 1137/2784/884 1128/2774/884 1138/2785/884
f 1128/2774/884 1122/2777/884 1138/2785/884
f 1139/2786/885 1126/2770/885 1128/2772/885
f 1139/2786/885 1128/2772/885 1140/2787/885
f 1141/2788/886 1122/2766/886 1142/2789/886
f 1122/2766/886 1125/2769/886 1142/2789/886
f 1105/2790/887 1115/2791/887 1136/2792/887
f 1105/2790/887 1136/2792/887 1126/2793/887
f 1120/2794/888 1101/2795/888 1141/2788/888
f 1101/2795/888 1122/2766/888 1141/2788/888
f 1107/2796/889 1108/2797/889 1127/2798/889
f 1108/2797/889 1129/2799/889 1127/2798/889
f 1114/2800/890 1111/2801/890 1132/2802/890
f 1114/2800/890 1132/2802/890 1135/2803/890
f 1116/2804/891 1106/2805/891 1137/2806/891
f 1106/2805/891 1128/2807/891 1137/2806/891
f 1103/2808/892 1102/2809/892 1125/2810/892
f 1103/2808/892 1125/2810/892 1124/2811/892
f 1110/2812/893 1109/2813/893 1130/2814/893
f 1109/2813/893 1131/2815/893 1130/2814/893
f 1112/2816/894 1105/2790/894 1134/2817/894
f 1105/2790/894 1126/2793/894 1134/2817/894
f 1115/2757/895 1114/2756/895 1136/2818/895
f 1114/2756/895 1135/2819/895 1136/2818/895
f 1108/2820/896 1106/2821/896 1129/2822/896
f 1106/2821/896 1128/2823/896 1129/2822/896
f 1121/2824/897 1120/2825/897 1141/2826/897
f 1121/2824/897 1141/2826/897 1142/2827/897
f 1106/2805/898 1110/2812/898 1130/2814/898
f 1106/2805/898 1130/2814/898 1128/2807/898
f 1111/2801/899 1113/2828/899 1132/2802/899
f 1113/2828/899 1133/2829/899 1132/2802/899
f 1101/2795/900 1104/2830/900 1123/2767/900
f 1101/2795/900 1123/2767/900 1122/2766/900
f 1101/2831/901 1117/2832/901 1122/2833/901
f 1117/2832/901 1138/2834/901 1122/2833/901
f 1109/2835/902 1101/2831/902 1122/2833/902
f 1109/2835/902 1122/2833/902 1131/2836/902
f 1104/2837/903 1103/2808/903 1123/2838/903
f 1103/2808/903 1124/2811/903 1123/2838/903
f 1105/2839/904 1107/2796/904 1126/2840/904
f 1107/2796/904 1127/2798/904 1126/2840/904
f 1119/2761/905 1118/2760/905 1139/2841/905
f 1119/2761/905 1139/2841/905 1140/2842/905
f 1106/2821/906 1119/2843/906 1140/2844/906
f 1106/2821/906 1140/2844/906 1128/2823/906
f 1102/2809/907 1121/2845/907 1125/2810/907
f 1121/2845/907 1142/2846/907 1125/2810/907
f 1113/2828/908 1112/2847/908 1134/2848/908
f 1113/2828/908 1134/2848/908 1133/2829/908
f 1118/2849/909 1105/2839/909 1126/2840/909
f 1118/2849/909 1126/2840/909 1139/2850/909
f 1117/2759/910 1116/2758/910 1138/2851/910
f 1116/2758/910 1137/2852/910 1138/2851/910
s off
g Plane.013
v -3.79086 6.86041 1.18811
v -5.0422 6.86101 1.67633
v -5.08067 6.86254 1.58376
v -4.07071 6.66248 0.572725
v -1.19927 6.16281 0.052485
v -2.5063 6.57722 0.629663
v -1.63575 6.00358 -0.47998
v -2.87678 6.28627 -0.171995
v -3.99879 6.56857 0.562743
v -2.95465 6.30852 -0.138572
v -0.073562 5.6294 -0.434254
v -1.5549 6.00592 -0.50731
v -0.109286 5.63002 -0.518549
v -0.040893 5.62883 -0.357165
v -1.0497 5.96696 0.634301
v -2.31702 6.29319 1.43384
v -3.48802 6.55929 1.70923
v -1.11025 5.98603 0.684405
v -2.22265 6.29364 1.38608
v -3.5967 6.686 1.71177
v -5.00701 6.85961 1.76098
v -3.79786 6.87283 1.19134
v -4.08291 6.67492 0.575307
v -5.09288 6.87497 1.58635
v -5.05422 6.87376 1.6814
v -1.18958 6.17118 0.048577
v -1.63183 6.01291 -0.485254
v -2.50423 6.58798 0.628999
v -2.87286 6.2956 -0.17727
v -2.95835 6.31955 -0.141043
v -4.00249 6.5796 0.560272
v -0.060229 5.63629 -0.43959
v -0.097395 5.63675 -0.526286
v -1.54301 6.01265 -0.515046
v -0.026976 5.63543 -0.359718
v -1.03578 5.97356 0.631748
v -2.31697 6.30391 1.43836
v -3.48797 6.57001 1.71375
v -1.1028 5.995 0.685138
v -2.2152 6.30261 1.38681
v -3.60789 6.69843 1.71926
v -5.01821 6.87204 1.76848
vn 0.0711 -0.9689 0.2369
vn -0.1185 -0.9169 0.3811
vn -0.0116 -0.9258 0.3778
vn -0.2461 -0.897 0.3672
vn -0.4542 -0.8803 -0.1368
vn -0.3014 -0.9086 -0.2892
vn -0.3755 -0.9051 -0.1993
vn -0.111 -0.9651 -0.2371
vn -0.0704 0.9692 -0.2361
vn 0.1188 0.9172 -0.3803
vn 0.0121 0.9262 -0.377
vn 0.2464 0.8974 -0.3661
vn 0.4536 0.8808 0.1357
vn 0.3011 0.909 0.2882
vn 0.3752 0.9054 0.1986
vn 0.1109 0.9655 0.2358
vn -0.4165 0.8229 0.3864
vn 0.7862 0.6122 -0.0842
vn -0.3023 -0.3698 -0.8786
vn 0.3959 -0.9015 -0.1745
vn 0.9683 -0.0518 -0.2442
vn -0.6556 -0.7092 0.2592
vn -0.5804 -0.3585 -0.7312
vn -0.5335 0.8398 0.101
vn 0.4208 -0.6374 0.6455
vn -0.8929 0.3499 0.2835
vn -0.0372 -0.5407 0.8404
vn 0.8637 -0.0081 -0.5039
vn 0.3963 -0.9014 -0.1747
vn 0.6338 0.6029 -0.4846
vn -0.8794 -0.3661 0.3045
vn -0.8095 -0.3836 0.4444
vn -0.6516 -0.5258 -0.5468
vn 0.6539 -0.6772 -0.3372
vn 0.4056 -0.4038 0.82
vn -0.805 0.3869 0.4498
vn -0.6445 -0.7212 0.2541
vn -0.1636 -0.6059 -0.7786
vn 0.6552 -0.6994 -0.2854
vn 0.1271 -0.3861 0.9137
vt 0.956019 0.962281
vt 0.961594 0.96389
vt 0.961655 0.965105
vt 0.956019 0.971276
vt 0.203833 0.878622
vt 0.210735 0.878143
vt 0.204487 0.887448
vt 0.210463 0.890014
vt 0.904486 0.784021
vt 0.910946 0.784285
vt 0.910004 0.793309
vt 0.904291 0.795882
vt 0.928465 0.655547
vt 0.934874 0.654914
vt 0.934746 0.66358
vt 0.928445 0.656662
vt 0.928483 0.654528
vt 0.934855 0.648467
vt 0.904291 0.775261
vt 0.909836 0.778004
vt 0.203839 0.871908
vt 0.209866 0.86938
vt 0.979706 0.673086
vt 0.97447 0.680083
vt 0.973731 0.673193
vt 0.973731 0.680308
vt 0.939425 0.114717
vt 0.939792 0.12374
vt 0.933897 0.117813
vt 0.933901 0.116566
vt 0.886943 0.581309
vt 0.886235 0.590177
vt 0.880002 0.580805
vt 0.88025 0.592722
vt 0.505634 0.892459
vt 0.505811 0.904371
vt 0.500097 0.901797
vt 0.499129 0.892726
vt 0.936445 0.210264
vt 0.936444 0.211415
vt 0.930027 0.218227
vt 0.930027 0.209525
vt 0.936442 0.209212
vt 0.930173 0.203042
vt 0.505811 0.883648
vt 0.500267 0.886391
vt 0.886943 0.57455
vt 0.880924 0.572
vt 0.939789 0.108544
vt 0.933909 0.115423
vt 0.499266 0.962791
vt 0.50177 0.970451
vt 0.501643 0.970488
vt 0.499129 0.96279
vt 0.939874 0.108606
vt 0.939489 0.114757
vt 0.955835 0.577979
vt 0.953386 0.57205
vt 0.953516 0.572
vt 0.955966 0.577928
vt 0.053971 0.704388
vt 0.054184 0.703719
vt 0.054321 0.70374
vt 0.054095 0.70443
vt 0.949045 0.536062
vt 0.954164 0.52863
vt 0.949142 0.536049
vt 0.954287 0.528594
vt 0.978353 0.902078
vt 0.978139 0.903341
vt 0.978025 0.903318
vt 0.978246 0.902025
vt 0.952443 0.522265
vt 0.949045 0.520082
vt 0.949157 0.520001
vt 0.952554 0.522184
vt 0.50177 0.954489
vt 0.501643 0.954455
vt 0.928445 0.654451
vt 0.934817 0.64839
vt 0.335437 0.926493
vt 0.339089 0.915203
vt 0.335571 0.926535
vt 0.339229 0.9152
vt 0.394818 0.991062
vt 0.394818 0.982013
vt 0.394924 0.99107
vt 0.394924 0.982021
vt 0.054417 0.702988
vt 0.054557 0.702986
vt 0.939874 0.123744
vt 0.960817 0.050912
vt 0.957348 0.04325
vt 0.960946 0.05091
vt 0.957475 0.043197
vt 0.957348 0.059291
vt 0.957476 0.059339
vt 0.977935 0.895103
vt 0.977827 0.895051
vt 0.95716 0.583194
vt 0.957296 0.583188
vt 0.203833 0.871825
vt 0.20986 0.869297
vt 0.335437 0.904896
vt 0.335569 0.904849
vt 0.977943 0.904496
vt 0.977827 0.904506
vt 0.053971 0.693577
vt 0.054111 0.693575
vt 0.953386 0.588499
vt 0.953504 0.588508
vt 0.904325 0.775173
vt 0.90987 0.777916
usemtl 
f 1143/2853/911 1144/2854/911 1145/2855/911
f 1143/2853/911 1145/2855/911 1146/2856/911
f 1147/2857/912 1148/2858/912 1149/2859/912
f 1148/2858/912 1150/2860/912 1149/2859/912
f 1148/2861/913 1143/2862/913 1151/2863/913
f 1148/2861/913 1151/2863/913 1152/2864/913
f 1153/2865/914 1147/2866/914 1154/2867/914
f 1153/2865/914 1154/2867/914 1155/2868/914
f 1156/2869/915 1157/2870/915 1153/2865/915
f 1157/2870/915 1147/2866/915 1153/2865/915
f 1158/2871/916 1159/2872/916 1148/2861/916
f 1159/2872/916 1143/2862/916 1148/2861/916
f 1160/2873/917 1161/2874/917 1148/2858/917
f 1160/2873/917 1148/2858/917 1147/2857/917
f 1162/2875/918 1163/2876/918 1143/2877/918
f 1163/2876/918 1144/2878/918 1143/2877/918
f 1164/2879/919 1165/2880/919 1166/2881/919
f 1164/2879/919 1166/2881/919 1167/2882/919
f 1168/2883/920 1169/2884/920 1170/2885/920
f 1169/2884/920 1171/2886/920 1170/2885/920
f 1170/2887/921 1172/2888/921 1173/2889/921
f 1170/2887/921 1173/2889/921 1164/2890/921
f 1174/2891/922 1175/2892/922 1176/2893/922
f 1174/2891/922 1176/2893/922 1168/2894/922
f 1177/2895/923 1174/2891/923 1178/2896/923
f 1174/2891/923 1168/2894/923 1178/2896/923
f 1179/2897/924 1170/2887/924 1180/2898/924
f 1170/2887/924 1164/2890/924 1180/2898/924
f 1181/2899/925 1168/2883/925 1170/2885/925
f 1181/2899/925 1170/2885/925 1182/2900/925
f 1183/2901/926 1164/2879/926 1184/2902/926
f 1164/2879/926 1167/2882/926 1184/2902/926
f 1147/2903/927 1157/2904/927 1178/2905/927
f 1147/2903/927 1178/2905/927 1168/2906/927
f 1162/2907/928 1143/2908/928 1183/2901/928
f 1143/2908/928 1164/2879/928 1183/2901/928
f 1149/2909/929 1150/2910/929 1171/2911/929
f 1149/2909/929 1171/2911/929 1169/2912/929
f 1156/2913/930 1153/2914/930 1174/2915/930
f 1156/2913/930 1174/2915/930 1177/2916/930
f 1158/2917/931 1148/2918/931 1179/2919/931
f 1148/2918/931 1170/2920/931 1179/2919/931
f 1145/2921/932 1144/2922/932 1167/2923/932
f 1145/2921/932 1167/2923/932 1166/2924/932
f 1152/2925/933 1151/2926/933 1173/2927/933
f 1152/2925/933 1173/2927/933 1172/2928/933
f 1154/2929/934 1147/2903/934 1176/2930/934
f 1147/2903/934 1168/2906/934 1176/2930/934
f 1157/2870/935 1156/2869/935 1177/2931/935
f 1157/2870/935 1177/2931/935 1178/2932/935
f 1150/2933/936 1148/2934/936 1171/2935/936
f 1148/2934/936 1170/2936/936 1171/2935/936
f 1163/2937/937 1162/2938/937 1184/2939/937
f 1162/2938/937 1183/2940/937 1184/2939/937
f 1148/2918/938 1152/2925/938 1172/2928/938
f 1148/2918/938 1172/2928/938 1170/2920/938
f 1153/2914/939 1155/2941/939 1174/2915/939
f 1155/2941/939 1175/2942/939 1174/2915/939
f 1143/2908/940 1146/2943/940 1165/2880/940
f 1143/2908/940 1165/2880/940 1164/2879/940
f 1143/2944/941 1159/2945/941 1164/2946/941
f 1159/2945/941 1180/2947/941 1164/2946/941
f 1151/2948/942 1143/2944/942 1164/2946/942
f 1151/2948/942 1164/2946/942 1173/2949/942
f 1146/2950/943 1145/2921/943 1165/2951/943
f 1145/2921/943 1166/2924/943 1165/2951/943
f 1147/2952/944 1149/2909/944 1168/2953/944
f 1149/2909/944 1169/2912/944 1168/2953/944
f 1161/2874/945 1160/2873/945 1181/2954/945
f 1161/2874/945 1181/2954/945 1182/2955/945
f 1148/2934/946 1161/2956/946 1182/2957/946
f 1148/2934/946 1182/2957/946 1170/2936/946
f 1144/2922/947 1163/2958/947 1167/2923/947
f 1163/2958/947 1184/2959/947 1167/2923/947
f 1155/2941/948 1154/2960/948 1176/2961/948
f 1155/2941/948 1176/2961/948 1175/2942/948
f 1160/2962/949 1147/2952/949 1168/2953/949
f 1160/2962/949 1168/2953/949 1181/2963/949
f 1159/2872/950 1158/2871/950 1179/2964/950
f 1159/2872/950 1179/2964/950 1180/2965/950
s off
g Plane.014
v 0.99214 7.0486 -0.500772
v -0.244609 6.52454 -0.500781
v -0.24723 6.52509 -0.600998
v 1.03536 6.85194 -1.17578
v 3.86717 7.5106 -0.616736
v 2.39126 7.33458 -0.554113
v 3.73319 7.2808 -1.27143
v 2.45541 7.04576 -1.4356
v 1.13706 6.79307 -1.15894
v 2.36875 7.03316 -1.43277
v 5.20378 7.49826 -0.661014
v 3.81076 7.31625 -1.26751
v 5.20111 7.4978 -0.752529
v 5.20623 7.49867 -0.577323
v 3.87725 7.30214 -0.020349
v 2.39543 7.02782 0.263858
v 1.1951 6.80762 0.09478
v 3.80111 7.29055 0.004319
v 2.49218 7.06935 0.253665
v 1.05156 6.88436 0.057641
v -0.242212 6.52404 -0.409132
v 0.980207 7.05703 -0.500309
v 1.01918 6.85858 -1.17781
v -0.263414 6.53173 -0.603027
v -0.261603 6.53119 -0.500426
v 3.87351 7.52239 -0.616855
v 3.73467 7.29156 -1.27492
v 2.38906 7.34534 -0.55398
v 2.45689 7.05652 -1.43909
v 2.3621 7.04231 -1.43641
v 1.13041 6.80222 -1.16259
v 5.21431 7.51021 -0.661138
v 5.21126 7.50942 -0.755414
v 3.82092 7.32787 -1.27039
v 5.21644 7.51018 -0.574643
v 3.88746 7.31364 -0.017669
v 2.38978 7.03706 0.268089
v 1.18945 6.81686 0.099011
v 3.80375 7.30141 0.00771
v 2.49482 7.08022 0.257057
v 1.0346 6.89066 0.060556
v -0.259176 6.53034 -0.406217
vn 0.3601 -0.8998 0.2465
vn 0.129 -0.9413 0.3119
vn 0.2252 -0.9101 0.3478
vn 0.0164 -0.9674 0.2526
vn 0.0001 -0.9563 -0.2925
vn 0.1931 -0.905 -0.379
vn 0.0982 -0.9416 -0.3222
vn 0.361 -0.8952 -0.2612
vn -0.3599 0.9001 -0.2455
vn -0.1291 0.9416 -0.3111
vn -0.2252 0.9105 -0.3468
vn -0.0167 0.9677 -0.2515
vn -0.0005 0.9566 0.2913
vn -0.1932 0.9055 0.3779
vn -0.0984 0.9418 0.3214
vn -0.3609 0.8957 0.2599
vn -0.8079 0.5512 0.2086
vn 0.4634 0.8616 0.2074
vn 0.1792 -0.3257 -0.9283
vn 0.7501 -0.6611 -0.0187
vn 0.9324 0.3393 0.1245
vn -0.372 -0.9282 0.0031
vn -0.1131 -0.4374 -0.8921
vn -0.8193 0.5646 -0.0999
vn 0.3938 -0.5253 0.7543
vn -0.9972 -0.043 -0.0605
vn -0.102 -0.6306 0.7694
vn 0.9125 0.3783 -0.1555
vn 0.7504 -0.6608 -0.0187
vn 0.4703 0.8544 -0.221
vn -0.7131 -0.7002 -0.036
vn -0.6931 -0.7108 0.1198
vn -0.1705 -0.6434 -0.7463
vn 0.9382 -0.3376 -0.0765
vn 0.2312 -0.3405 0.9114
vn -0.992 -0.0006 0.1265
vn -0.3561 -0.9345 0.0024
vn 0.3568 -0.5068 -0.7848
vn 0.9306 -0.3649 -0.0277
vn -0.0459 -0.4389 0.8974
vt 0.619632 0.96727
vt 0.625206 0.968878
vt 0.625267 0.970094
vt 0.619632 0.976264
vt 0.228208 0.878622
vt 0.235111 0.878143
vt 0.228862 0.887448
vt 0.234839 0.890014
vt 0.904486 0.822216
vt 0.910946 0.82248
vt 0.910004 0.831504
vt 0.904291 0.834077
vt 0.928465 0.688211
vt 0.934874 0.687578
vt 0.934746 0.696244
vt 0.928445 0.689325
vt 0.928483 0.687191
vt 0.934855 0.681131
vt 0.904291 0.813456
vt 0.909836 0.8162
vt 0.228215 0.871908
vt 0.234242 0.86938
vt 0.979706 0.697782
vt 0.97447 0.704779
vt 0.973731 0.697889
vt 0.973731 0.705004
vt 0.939455 0.424119
vt 0.939822 0.433142
vt 0.933926 0.427215
vt 0.933931 0.425968
vt 0.886943 0.619504
vt 0.886235 0.628372
vt 0.880002 0.619
vt 0.88025 0.630917
vt 0.52979 0.892459
vt 0.529967 0.904371
vt 0.524253 0.901797
vt 0.523285 0.892726
vt 0.553858 0.929052
vt 0.553858 0.930203
vt 0.547441 0.937015
vt 0.547441 0.928313
vt 0.553855 0.928
vt 0.547587 0.92183
vt 0.529967 0.883648
vt 0.524423 0.886391
vt 0.886943 0.612745
vt 0.880924 0.610195
vt 0.939818 0.417946
vt 0.933939 0.424825
vt 0.51938 0.962791
vt 0.521884 0.970451
vt 0.521757 0.970488
vt 0.519243 0.96279
vt 0.939904 0.418008
vt 0.939518 0.424159
vt 0.955907 0.483075
vt 0.953458 0.477147
vt 0.953588 0.477096
vt 0.956037 0.483025
vt 0.24987 0.715704
vt 0.250083 0.715036
vt 0.25022 0.715056
vt 0.249994 0.715747
vt 0.94973 0.333298
vt 0.954848 0.325866
vt 0.949826 0.333284
vt 0.954971 0.325829
vt 0.978607 0.117454
vt 0.978393 0.118717
vt 0.978279 0.118695
vt 0.9785 0.117402
vt 0.953127 0.319501
vt 0.94973 0.317318
vt 0.949841 0.317237
vt 0.953238 0.31942
vt 0.521884 0.954489
vt 0.521757 0.954455
vt 0.928445 0.687114
vt 0.934817 0.681054
vt 0.268135 0.926843
vt 0.271787 0.915554
vt 0.268269 0.926885
vt 0.271927 0.915551
vt 0.573376 0.991255
vt 0.573376 0.982205
vt 0.573482 0.991263
vt 0.573482 0.982214
vt 0.250316 0.714305
vt 0.250456 0.714303
vt 0.939904 0.433146
vt 0.960817 0.084528
vt 0.957348 0.076865
vt 0.960946 0.084525
vt 0.957475 0.076812
vt 0.957348 0.092906
vt 0.957477 0.092954
vt 0.978189 0.110479
vt 0.978081 0.110427
vt 0.957232 0.48829
vt 0.957368 0.488284
vt 0.234236 0.869297
vt 0.228208 0.871825
vt 0.268135 0.905246
vt 0.268267 0.9052
vt 0.978197 0.119873
vt 0.978081 0.119883
vt 0.24987 0.704894
vt 0.25001 0.704892
vt 0.953458 0.493595
vt 0.953575 0.493605
vt 0.904325 0.813368
vt 0.90987 0.816111
usemtl 
f 1185/2966/951 1186/2967/951 1187/2968/951
f 1185/2966/951 1187/2968/951 1188/2969/951
f 1189/2970/952 1190/2971/952 1191/2972/952
f 1190/2971/952 1192/2973/952 1191/2972/952
f 1190/2974/953 1185/2975/953 1193/2976/953
f 1190/2974/953 1193/2976/953 1194/2977/953
f 1195/2978/954 1189/2979/954 1196/2980/954
f 1195/2978/954 1196/2980/954 1197/2981/954
f 1198/2982/955 1199/2983/955 1195/2978/955
f 1199/2983/955 1189/2979/955 1195/2978/955
f 1200/2984/956 1201/2985/956 1190/2974/956
f 1201/2985/956 1185/2975/956 1190/2974/956
f 1202/2986/957 1203/2987/957 1190/2971/957
f 1202/2986/957 1190/2971/957 1189/2970/957
f 1204/2988/958 1205/2989/958 1185/2990/958
f 1205/2989/958 1186/2991/958 1185/2990/958
f 1206/2992/959 1207/2993/959 1208/2994/959
f 1206/2992/959 1208/2994/959 1209/2995/959
f 1210/2996/960 1211/2997/960 1212/2998/960
f 1211/2997/960 1213/2999/960 1212/2998/960
f 1212/3000/961 1214/3001/961 1215/3002/961
f 1212/3000/961 1215/3002/961 1206/3003/961
f 1216/3004/962 1217/3005/962 1218/3006/962
f 1216/3004/962 1218/3006/962 1210/3007/962
f 1219/3008/963 1216/3004/963 1220/3009/963
f 1216/3004/963 1210/3007/963 1220/3009/963
f 1221/3010/964 1212/3000/964 1222/3011/964
f 1212/3000/964 1206/3003/964 1222/3011/964
f 1223/3012/965 1210/2996/965 1212/2998/965
f 1223/3012/965 1212/2998/965 1224/3013/965
f 1225/3014/966 1206/2992/966 1226/3015/966
f 1206/2992/966 1209/2995/966 1226/3015/966
f 1189/3016/967 1199/3017/967 1220/3018/967
f 1189/3016/967 1220/3018/967 1210/3019/967
f 1204/3020/968 1185/3021/968 1225/3014/968
f 1185/3021/968 1206/2992/968 1225/3014/968
f 1191/3022/969 1192/3023/969 1213/3024/969
f 1191/3022/969 1213/3024/969 1211/3025/969
f 1198/3026/970 1195/3027/970 1216/3028/970
f 1198/3026/970 1216/3028/970 1219/3029/970
f 1200/3030/971 1190/3031/971 1221/3032/971
f 1190/3031/971 1212/3033/971 1221/3032/971
f 1187/3034/972 1186/3035/972 1209/3036/972
f 1187/3034/972 1209/3036/972 1208/3037/972
f 1194/3038/973 1193/3039/973 1215/3040/973
f 1194/3038/973 1215/3040/973 1214/3041/973
f 1196/3042/974 1189/3016/974 1218/3043/974
f 1189/3016/974 1210/3019/974 1218/3043/974
f 1199/2983/975 1198/2982/975 1219/3044/975
f 1199/2983/975 1219/3044/975 1220/3045/975
f 1192/3046/976 1190/3047/976 1213/3048/976
f 1190/3047/976 1212/3049/976 1213/3048/976
f 1205/3050/977 1204/3051/977 1226/3052/977
f 1204/3051/977 1225/3053/977 1226/3052/977
f 1190/3031/978 1194/3038/978 1214/3041/978
f 1190/3031/978 1214/3041/978 1212/3033/978
f 1195/3027/979 1197/3054/979 1216/3028/979
f 1197/3054/979 1217/3055/979 1216/3028/979
f 1185/3021/980 1188/3056/980 1207/2993/980
f 1185/3021/980 1207/2993/980 1206/2992/980
f 1185/3057/981 1201/3058/981 1206/3059/981
f 1201/3058/981 1222/3060/981 1206/3059/981
f 1193/3061/982 1185/3057/982 1206/3059/982
f 1193/3061/982 1206/3059/982 1215/3062/982
f 1188/3063/983 1187/3034/983 1208/3037/983
f 1188/3063/983 1208/3037/983 1207/3064/983
f 1189/3065/984 1191/3022/984 1210/3066/984
f 1191/3022/984 1211/3025/984 1210/3066/984
f 1203/2987/985 1202/2986/985 1224/3067/985
f 1202/2986/985 1223/3068/985 1224/3067/985
f 1190/3047/986 1203/3069/986 1224/3070/986
f 1190/3047/986 1224/3070/986 1212/3049/986
f 1186/3035/987 1205/3071/987 1209/3036/987
f 1205/3071/987 1226/3072/987 1209/3036/987
f 1197/3054/988 1196/3073/988 1217/3055/988
f 1196/3073/988 1218/3074/988 1217/3055/988
f 1202/3075/989 1189/3065/989 1210/3066/989
f 1202/3075/989 1210/3066/989 1223/3076/989
f 1201/2985/990 1200/2984/990 1221/3077/990
f 1201/2985/990 1221/3077/990 1222/3078/990
s off
g Cube.003
v 0.268818 4.57267 1.04184
v 0.292333 4.50441 0.862517
v 0.284077 4.77821 0.882115
v 0.297919 4.64364 0.738882
v 0.059723 4.64104 0.7183
v 0.04588 4.77562 0.861533
v 0.069958 4.77262 0.583268
v 0.060772 4.9459 0.667742
v 0.054772 4.49814 0.83636
v 0.031257 4.5664 1.01568
v 0.075626 4.33661 0.922631
v 0.261366 4.34043 0.943636
v 0.083848 4.87878 0.409147
v 0.075699 5.04198 0.482884
v 0.298968 4.94849 0.688324
v 0.308154 4.77521 0.603851
v 0.313895 5.04457 0.503467
v 0.106593 5.09498 0.309665
v 0.312031 5.09722 0.327417
v 0.322044 4.88137 0.42973
v 0.319977 4.94754 0.254322
v 0.114539 4.9453 0.23657
v 0.188472 5.02526 0.12719
v 0.254793 5.0241 0.130899
v 0.192707 5.03813 0.048036
v 0.259028 5.03697 0.051745
v 0.255255 5.07912 0.147371
v 0.188934 5.08028 0.143662
v 0.259245 5.1111 0.082099
v 0.249925 5.12449 0.008766
v 0.249795 5.07994 -0.009473
v 0.192924 5.11226 0.07839
v 0.210075 5.12519 0.006538
v 0.209944 5.08064 -0.011701
v 0.241742 4.36235 1.10213
v 0.056002 4.35853 1.08113
v 0.208377 4.22428 1.08861
v 0.097798 4.222 1.0761
v 0.109144 4.21223 0.985235
v 0.219723 4.21451 0.99774
v 0.188206 4.15304 1.02305
v 0.135923 4.15196 1.01713
v 0.130164 4.16041 1.06418
v 0.182447 4.16149 1.07009
v 0.322052 4.33878 0.752233
v 0.325139 4.53201 0.769552
v 0.264249 4.43914 0.51724
v 0.291374 4.61433 0.605188
v 0.524439 4.60914 0.560456
v 0.497313 4.43395 0.472509
v 0.488629 4.70497 0.400846
v 0.450324 4.57645 0.260845
v 0.558778 4.53323 0.726796
v 0.555691 4.34 0.709478
v 0.574267 4.49565 0.906079
v 0.391834 4.49445 0.940677
v 0.457532 4.84557 0.254616
v 0.421261 4.73019 0.121207
v 0.217259 4.58165 0.305576
v 0.255564 4.71016 0.445577
v 0.188196 4.73538 0.165938
v 0.185778 4.89044 0.06655
v 0.386791 4.88596 0.027971
v 0.224467 4.85076 0.299347
v 0.21886 5.00157 0.187444
v 0.419873 4.99709 0.148864
v 0.333703 5.0889 0.055899
v 0.269379 5.09279 0.069546
v 0.266044 5.16594 0.035858
v 0.330368 5.16205 0.022211
v 0.254453 5.06231 0.022752
v 0.318777 5.05841 0.009105
v 0.245918 5.11697 -0.024953
v 0.255329 5.18292 -0.059837
v 0.267422 5.21234 -0.023298
v 0.310242 5.11308 -0.038599
v 0.306072 5.21 -0.031498
v 0.29398 5.18058 -0.068037
v 0.397508 4.33405 0.961541
v 0.579941 4.33524 0.926943
v 0.573462 4.38104 1.06064
v 0.464852 4.38033 1.08123
v 0.569423 4.47227 1.04607
v 0.460813 4.47156 1.06667
v 0.556763 4.46058 1.11618
v 0.50541 4.46024 1.12592
v 0.5579 4.41246 1.12057
v 0.506547 4.41212 1.1303
v 0.316748 4.11547 0.432552
v 0.335007 4.29391 0.505583
v 0.241648 4.28228 0.243565
v 0.289928 4.42195 0.376286
v 0.516002 4.42471 0.308403
v 0.467722 4.28504 0.175682
v 0.470329 4.56422 0.187824
v 0.408717 4.48469 0.020262
v 0.562302 4.30217 0.441413
v 0.544043 4.12372 0.368382
v 0.593922 4.21266 0.599963
v 0.416553 4.20562 0.651155
v 0.433839 4.74219 0.092704
v 0.375846 4.67313 -0.06491
v 0.182643 4.48193 0.088145
v 0.244255 4.56146 0.255707
v 0.149772 4.67037 0.002973
v 0.14765 4.84742 -0.046085
v 0.342634 4.84981 -0.104633
v 0.207765 4.73943 0.160587
v 0.200869 4.91625 0.098654
v 0.395853 4.91863 0.040106
v 0.30697 5.03568 -0.012916
v 0.244883 5.03687 0.007785
v 0.243094 5.11652 -0.002535
v 0.305182 5.11533 -0.023236
v 0.223047 5.02219 -0.04434
v 0.285134 5.021 -0.065041
v 0.213348 5.08857 -0.072948
v 0.223576 5.16142 -0.08782
v 0.24145 5.17821 -0.045511
v 0.275436 5.08738 -0.093649
v 0.278756 5.1775 -0.057949
v 0.260883 5.16071 -0.100258
v 0.413272 4.04679 0.62334
v 0.590641 4.05383 0.572147
v 0.495855 4.0535 0.74439
v 0.60145 4.05769 0.713914
v 0.602227 4.14885 0.727238
v 0.496632 4.14466 0.757714
v 0.596238 4.11715 0.792025
v 0.546311 4.11517 0.806435
v 0.594496 4.07008 0.781944
v 0.544569 4.06809 0.796354
v 1.17039 4.47693 0.43241
v 0.981695 4.43295 0.353971
v 1.07299 4.69251 0.315993
v 0.898872 4.58243 0.272823
v 0.800261 4.64077 0.461698
v 0.974383 4.75085 0.504868
v 0.70557 4.78353 0.373597
v 0.833503 4.93804 0.381832
v 0.876764 4.48848 0.540786
v 1.06545 4.53245 0.619225
v 0.925078 4.31693 0.589363
v 1.00737 4.27241 0.44373
v 0.566401 4.90704 0.271639
v 0.681282 5.0533 0.276637
v 0.932114 4.87969 0.192956
v 0.804181 4.72518 0.184722
v 0.779894 4.99496 0.087762
v 0.534063 5.12198 0.171232
v 0.619113 5.07166 0.008331
v 0.665012 4.8487 0.082764
v 0.508484 4.93822 0.001158
v 0.423434 4.98854 0.164058
v 0.36084 5.06294 0.043621
v 0.385779 5.0452 -0.00942
v 0.312199 5.06818 -0.047242
v 0.28726 5.08592 0.005798
v 0.417241 5.09498 -0.01376
v 0.392301 5.11272 0.03928
v 0.362545 5.13414 -0.049471
v 0.290468 5.16004 -0.073861
v 0.260216 5.12041 -0.072521
v 0.337606 5.15188 0.003569
v 0.245231 5.13106 -0.040651
v 0.275482 5.17069 -0.041991
v 1.16407 4.27446 0.519492
v 1.08177 4.31898 0.665125
v 1.05322 4.17972 0.654863
v 1.10221 4.15321 0.568162
v 0.964172 4.18118 0.610811
v 1.01317 4.15468 0.52411
v 1.01126 4.10008 0.572141
v 0.988091 4.11261 0.613135
v 1.03515 4.11505 0.635193
v 1.05832 4.10252 0.5942
v -0.49871 4.4501 0.613969
v -0.423795 4.62964 0.641702
v -0.385632 4.52866 0.390317
v -0.334258 4.6935 0.488924
v -0.126723 4.60322 0.552658
v -0.178098 4.43839 0.454051
v -0.035538 4.68091 0.403896
v -0.050301 4.55546 0.257899
v -0.214097 4.54535 0.707781
v -0.289012 4.36582 0.680048
v -0.307006 4.53106 0.86807
v -0.471454 4.59682 0.817512
v 0.071541 4.80019 0.271458
v 0.060629 4.68709 0.132852
v -0.257835 4.64574 0.194165
v -0.243072 4.77119 0.340162
v -0.146905 4.77736 0.069118
v -0.034116 4.90691 -0.009144
v 0.144877 4.82905 0.045825
v -0.135993 4.89046 0.207724
v -0.021298 5.01539 0.116939
v 0.157695 4.93753 0.171908
v 0.173408 5.03813 0.058544
v 0.116512 5.0655 0.042228
v 0.161361 5.12924 0.015799
v 0.218257 5.10187 0.032114
v 0.115103 5.03578 -0.006776
v 0.171998 5.00841 0.00954
v 0.15502 5.08225 -0.048754
v 0.207692 5.13486 -0.071018
v 0.211502 5.16309 -0.032231
v 0.211916 5.05488 -0.032438
v 0.245689 5.14665 -0.022427
v 0.241879 5.11841 -0.061215
v -0.544633 4.45002 0.828722
v -0.380184 4.38426 0.87928
v -0.43298 4.44777 0.99518
v -0.530883 4.48692 0.965081
v -0.390666 4.53116 0.986103
v -0.488569 4.5703 0.956004
v -0.440787 4.53469 1.0407
v -0.487077 4.5532 1.02647
v -0.462257 4.49057 1.04218
v -0.508546 4.50908 1.02795
vn 0.9946 0.0228 0.1009
vn -0.9962 -0.0108 -0.0861
vn -0.9946 -0.0227 -0.1009
vn 0.1092 -0.4573 -0.8826
vn -0.089 0.6051 0.7911
vn 0.0863 -0.65 -0.755
vn -0.0649 0.7521 0.6559
vn 0.0677 -0.7171 -0.6936
vn 0.9962 0.0108 0.0861
vn -0.0352 0.9574 0.2867
vn -0.0492 0.8879 0.4575
vn 0.054 -0.8545 -0.5167
vn 0.0472 -0.8298 -0.5561
vn 0.0407 -0.9347 -0.3531
vn 0.9988 0.0489 0.0054
vn -0.9857 0.0273 -0.1661
vn -0.0083 -0.9869 -0.1609
vn 0.9241 0.181 -0.3365
vn -0.8739 0.1677 -0.4562
vn 0.0035 0.9956 -0.0941
vn 0.992 0.0453 -0.1178
vn 0.9985 -0.0232 0.0496
vn -0.9985 0.0232 -0.0496
vn -0.0089 0.8982 0.4395
vn 0.0583 0.3781 -0.9239
vn -0.9722 0.0911 -0.2157
vn 0.0072 0.9839 0.1787
vn 0.0179 -0.817 -0.5763
vn -0.1107 -0.0704 0.9914
vn -0.9842 -0.156 -0.084
vn 0.9839 -0.0955 0.1511
vn -0.1128 0.2867 0.9514
vn 0.1103 -0.4262 -0.8979
vn 0.9568 -0.2487 0.1504
vn 0.1104 -0.423 -0.8994
vn -0.9527 -0.2929 -0.0811
vn 0.0002 -0.9842 0.1769
vn -0.895 -0.443 -0.0525
vn -0.1041 -0.2415 0.9648
vn 0.8986 -0.4064 0.1652
vn -0.9732 0.0142 0.2296
vn 0.9711 -0.0315 -0.2368
vn 0.9732 -0.0142 -0.2297
vn 0.0319 0.9788 0.2024
vn -0.0761 -0.9285 -0.3635
vn 0.0856 0.9055 0.4156
vn -0.1214 -0.8357 -0.5357
vn 0.1138 0.8628 0.4925
vn -0.9711 0.0315 0.2368
vn -0.1709 -0.5336 -0.8283
vn -0.1528 -0.6801 -0.717
vn 0.1448 0.7284 0.6696
vn 0.1487 0.7591 0.6338
vn 0.1646 0.5917 0.7892
vn -0.9789 0.0983 0.1794
vn 0.9558 0.0352 -0.292
vn 0.2127 0.4167 0.8838
vn -0.9223 0.3819 -0.0585
vn 0.8318 0.2833 -0.4774
vn -0.1955 -0.1752 -0.9649
vn -0.9656 0.2152 0.1463
vn -0.9631 0.0751 0.2583
vn 0.9631 -0.0751 -0.2583
vn -0.1937 -0.6621 -0.724
vn -0.0814 0.7893 -0.6087
vn 0.9301 0.0665 -0.3614
vn -0.2121 -0.4331 -0.876
vn 0.1762 0.7725 0.6101
vn 0.0681 -0.9428 0.3263
vn 0.9951 0.0063 -0.099
vn -0.9369 -0.0033 0.3497
vn 0.0016 -0.9997 -0.0226
vn 0.0256 0.9853 0.1689
vn -0.8753 0.0341 0.4824
vn 0.0249 0.9859 0.1655
vn 0.9983 0.0438 0.0377
vn 0.1849 0.0934 0.9783
vn 0.9772 0.0638 0.2024
vn 0.0971 -0.871 0.4817
vn -0.786 0.0545 0.6158
vn -0.9415 -0.0206 0.3364
vn 0.9376 0.0064 -0.3478
vn 0.9415 0.0207 -0.3364
vn 0.1019 0.8749 0.4735
vn -0.1579 -0.7789 -0.607
vn 0.171 0.7415 0.6488
vn -0.2141 -0.6386 -0.7391
vn 0.2039 0.6775 0.7067
vn -0.9376 -0.0064 0.3478
vn -0.2748 -0.2598 -0.9257
vn -0.2541 -0.4348 -0.8639
vn 0.2442 0.4956 0.8335
vn 0.2465 0.5356 0.8077
vn 0.268 0.3278 0.9059
vn -0.9464 0.0744 0.3142
vn 0.9215 0.0868 -0.3785
vn 0.3159 0.1289 0.94
vn -0.8957 0.4123 0.1666
vn 0.7973 0.3831 -0.4665
vn -0.2927 0.1284 -0.9475
vn -0.9289 0.1947 0.3151
vn -0.9248 0.0284 0.3794
vn 0.9248 -0.0284 -0.3794
vn -0.295 -0.4142 -0.8611
vn -0.0931 0.9383 -0.3331
vn 0.8915 0.1381 -0.4314
vn -0.3154 -0.1471 -0.9375
vn 0.2727 0.5548 0.786
vn 0.0465 -0.9986 0.0237
vn 0.9775 0.0006 -0.2108
vn -0.8953 -0.0742 0.4393
vn -0.0536 -0.9481 -0.3135
vn 0.0929 0.891 0.4445
vn -0.8199 -0.08 0.5669
vn 0.092 0.8925 0.4415
vn 0.9974 -0.0044 -0.0718
vn 0.2788 -0.2109 0.9369
vn 0.9952 -0.0337 0.0921
vn 0.0929 -0.9779 0.1874
vn -0.719 -0.1033 0.6873
vn 0.4074 -0.2709 -0.8722
vn -0.3937 0.2793 0.8758
vn -0.4074 0.271 0.8721
vn -0.8576 -0.3486 -0.3781
vn 0.8133 0.506 0.2873
vn -0.7901 -0.5551 -0.2598
vn 0.7279 0.663 0.1752
vn -0.7546 -0.6246 -0.201
vn 0.3937 -0.2793 -0.8758
vn 0.4472 0.8934 -0.0425
vn 0.5799 0.813 0.0516
vn -0.625 -0.7758 -0.0867
vn -0.6588 -0.7456 -0.1006
vn -0.4992 -0.8665 0.007
vn 0.3396 -0.2342 -0.9109
vn -0.4457 0.323 0.8349
vn -0.3598 -0.9226 0.1393
vn 0.0811 -0.0475 -0.9956
vn -0.6215 0.4723 0.6251
vn 0.1428 0.9625 -0.2306
vn 0.2421 -0.2168 -0.9457
vn 0.3588 -0.3037 -0.8826
vn -0.3588 0.3037 0.8826
vn 0.5815 0.8135 0.0014
vn -0.6966 0.5148 -0.4997
vn -0.4676 0.3839 0.7962
vn 0.3742 0.918 -0.131
vn -0.6865 -0.7226 -0.0812
vn 0.8231 -0.2077 0.5286
vn -0.4196 0.1493 0.8953
vn 0.4189 -0.3795 -0.8249
vn 0.8798 0.1638 0.4462
vn -0.8643 -0.3148 -0.3922
vn 0.3787 -0.507 -0.7743
vn -0.865 -0.3113 -0.3936
vn -0.4382 0.0198 0.8987
vn -0.0697 -0.9643 0.2554
vn -0.4321 -0.1351 0.8916
vn 0.7534 -0.3748 0.5403
vn 0.341 -0.6356 -0.6926
vn -0.8548 0.4235 -0.2999
vn 0.8498 -0.4392 0.2915
vn 0.8549 -0.4235 0.2998
vn 0.2917 0.9229 0.2514
vn -0.2386 -0.8784 -0.4141
vn 0.2154 0.8595 0.4636
vn -0.1668 -0.7951 -0.5832
vn 0.1891 0.8181 0.5431
vn -0.8498 0.4392 -0.2915
vn 0.0272 -0.5341 -0.845
vn -0.0581 -0.6614 -0.7478
vn 0.0892 0.7032 0.7054
vn 0.1187 0.7253 0.6781
vn 0.0052 0.5847 0.8112
vn -0.802 0.4914 -0.3395
vn 0.8917 -0.3832 0.2408
vn -0.0591 0.4176 0.9067
vn -0.5467 0.6783 -0.491
vn 0.9902 -0.1368 0.0275
vn 0.193 -0.2158 -0.9572
vn -0.7317 0.5833 -0.3527
vn -0.8368 0.4784 -0.2661
vn 0.8368 -0.4784 0.2661
vn -0.0808 -0.629 -0.7732
vn 0.4852 0.6836 -0.5453
vn 0.9188 -0.3566 0.1693
vn 0.0506 -0.4317 -0.9006
vn 0.1554 0.7238 0.6723
vn -0.4288 -0.8602 0.276
vn 0.817 -0.3921 0.4228
vn -0.8925 0.4141 -0.179
vn -0.351 -0.9334 -0.0748
vn 0.3036 0.9274 0.2187
vn -0.8944 0.4463 -0.0278
vn 0.3048 0.9278 0.2153
vn 0.7698 -0.3386 0.5411
vn -0.2364 0.1473 0.9604
vn 0.6864 -0.2881 0.6677
vn -0.4464 -0.7824 0.4343
vn -0.8808 0.4523 0.1403
vt 0.244811 0.336965
vt 0.22314 0.325634
vt 0.250662 0.305645
vt 0.22581 0.303195
vt 0.539196 0.486236
vt 0.514768 0.489945
vt 0.537927 0.463581
vt 0.51469 0.458806
vt 0.542877 0.507968
vt 0.521812 0.520319
vt 0.672868 0.313542
vt 0.700059 0.313655
vt 0.67702 0.335204
vt 0.698291 0.335436
vt 0.502146 0.645046
vt 0.529218 0.645142
vt 0.528161 0.677025
vt 0.501264 0.67715
vt 0.672009 0.29047
vt 0.699334 0.290399
vt 0.54226 0.439075
vt 0.520854 0.434022
vt 0.502211 0.612685
vt 0.529283 0.612781
vt 0.671947 0.266826
vt 0.699272 0.266755
vt 0.226782 0.280198
vt 0.250305 0.274125
vt 0.528073 0.587412
vt 0.501 0.587316
vt 0.524339 0.566583
vt 0.50099 0.566501
vt 0.672733 0.241866
vt 0.700059 0.241794
vt 0.222039 0.255626
vt 0.2437 0.249369
vt 0.699507 0.220316
vt 0.67594 0.220378
vt 0.683775 0.203079
vt 0.691413 0.203042
vt 0.233785 0.229451
vt 0.213456 0.234685
vt 0.529897 0.412913
vt 0.549979 0.417025
vt 0.436691 0.963084
vt 0.429922 0.962095
vt 0.429922 0.952376
vt 0.436691 0.953365
vt 0.210419 0.219649
vt 0.217004 0.216683
vt 0.550604 0.398153
vt 0.544044 0.395553
vt 0.819311 0.864013
vt 0.79985 0.864013
vt 0.816968 0.843309
vt 0.810639 0.842978
vt 0.214492 0.208141
vt 0.204928 0.211394
vt 0.209579 0.200814
vt 0.203833 0.202768
vt 0.555933 0.38973
vt 0.546421 0.386996
vt 0.912408 0.025724
vt 0.90483 0.025391
vt 0.912408 0.016931
vt 0.90483 0.016599
vt 0.974844 0.013676
vt 0.974844 0.008737
vt 0.978157 0.015553
vt 0.978157 0.010614
vt 0.550968 0.37875
vt 0.556684 0.380393
vt 0.910487 0.008936
vt 0.905933 0.008737
vt 0.555078 0.963664
vt 0.547441 0.963664
vt 0.549115 0.954489
vt 0.553705 0.954489
vt 0.50099 0.700442
vt 0.522035 0.700203
vt 0.502241 0.710886
vt 0.51477 0.710744
vt 0.550627 0.527173
vt 0.535609 0.540908
vt 0.214607 0.347102
vt 0.230132 0.360167
vt 0.682238 0.351417
vt 0.694901 0.351555
vt 0.691962 0.359404
vt 0.685975 0.359339
vt 0.20741 0.363447
vt 0.216047 0.371165
vt 0.556684 0.54094
vt 0.548339 0.549027
vt 0.913189 0.107907
vt 0.907111 0.107722
vt 0.907299 0.102393
vt 0.913377 0.102578
vt 0.916423 0.114517
vt 0.90483 0.114517
vt 0.503959 0.714561
vt 0.509883 0.714493
vt 0.208624 0.375417
vt 0.203833 0.371698
vt 0.496129 0.331914
vt 0.474442 0.32275
vt 0.501976 0.30344
vt 0.477115 0.301916
vt 0.096986 0.464962
vt 0.072078 0.466163
vt 0.097726 0.443728
vt 0.074771 0.437131
vt 0.098856 0.485859
vt 0.076365 0.494835
vt 0.671631 0.138587
vt 0.699255 0.138977
vt 0.674325 0.158207
vt 0.695926 0.158642
vt 0.710213 0.494405
vt 0.737723 0.495038
vt 0.711034 0.524671
vt 0.738608 0.524923
vt 0.671446 0.116594
vt 0.699061 0.116627
vt 0.104267 0.421286
vt 0.083179 0.414599
vt 0.737894 0.463292
vt 0.710383 0.462659
vt 0.671618 0.093496
vt 0.699234 0.093529
vt 0.478084 0.280896
vt 0.501615 0.274678
vt 0.738608 0.43714
vt 0.711097 0.436507
vt 0.713978 0.414206
vt 0.737705 0.414752
vt 0.67164 0.067878
vt 0.699255 0.067911
vt 0.473337 0.258603
vt 0.495005 0.25227
vt 0.697252 0.044918
vt 0.673434 0.04489
vt 0.680997 0.027382
vt 0.688654 0.027299
vt 0.485101 0.233107
vt 0.464764 0.238468
vt 0.094603 0.397099
vt 0.114442 0.402787
vt 0.688269 0.017997
vt 0.680612 0.018079
vt 0.461797 0.219081
vt 0.468382 0.216375
vt 0.84966 0.299763
vt 0.84966 0.280418
vt 0.866971 0.294478
vt 0.867994 0.287649
vt 0.731462 0.396785
vt 0.723856 0.396508
vt 0.465869 0.20855
vt 0.456306 0.211514
vt 0.460968 0.200814
vt 0.455222 0.202595
vt 0.758915 0.536003
vt 0.765815 0.536308
vt 0.756081 0.545258
vt 0.765815 0.544767
vt 0.731878 0.387687
vt 0.724272 0.387409
vt 0.978271 0.72586
vt 0.978271 0.731495
vt 0.974731 0.730374
vt 0.974731 0.724739
vt 0.757098 0.553047
vt 0.762947 0.552752
vt 0.726526 0.37875
vt 0.731096 0.378916
vt 0.682079 0.008786
vt 0.686679 0.008737
vt 0.57724 0.764171
vt 0.596008 0.764022
vt 0.589526 0.780472
vt 0.578353 0.780561
vt 0.105661 0.506633
vt 0.089175 0.517586
vt 0.465933 0.340618
vt 0.481471 0.351663
vt 0.574158 0.736702
vt 0.598178 0.736702
vt 0.678361 0.172762
vt 0.69122 0.173021
vt 0.681545 0.179893
vt 0.687625 0.180016
vt 0.458771 0.352806
vt 0.467416 0.359344
vt 0.111547 0.523078
vt 0.102339 0.52957
vt 0.681473 0.184391
vt 0.687553 0.184513
vt 0.109379 0.534753
vt 0.114442 0.53165
vt 0.579407 0.787634
vt 0.58469 0.787592
vt 0.460018 0.361276
vt 0.455222 0.358141
vt 0.334756 0.418294
vt 0.356318 0.429369
vt 0.329176 0.444733
vt 0.353656 0.448953
vt 0.544454 0.074362
vt 0.520359 0.077474
vt 0.545715 0.053679
vt 0.523707 0.049064
vt 0.54581 0.094539
vt 0.52368 0.104967
vt 0.00875 0.677023
vt 0.036342 0.677578
vt 0.011034 0.69931
vt 0.032607 0.699892
vt 0.268135 0.67091
vt 0.295492 0.670618
vt 0.269239 0.703464
vt 0.296699 0.70304
vt 0.008737 0.653808
vt 0.03628 0.654255
vt 0.552611 0.031369
vt 0.53241 0.026521
vt 0.295674 0.638473
vt 0.268317 0.638766
vt 0.008954 0.630263
vt 0.036497 0.630711
vt 0.352762 0.468869
vt 0.329613 0.472173
vt 0.296699 0.613959
vt 0.269342 0.614252
vt 0.272679 0.594589
vt 0.296273 0.594337
vt 0.008737 0.60593
vt 0.03628 0.606377
vt 0.357499 0.490635
vt 0.336185 0.494255
vt 0.033857 0.585804
vt 0.010102 0.585418
vt 0.01753 0.568603
vt 0.025149 0.568742
vt 0.345571 0.513771
vt 0.365577 0.510928
vt 0.544282 0.008737
vt 0.563303 0.012712
vt 0.024491 0.56105
vt 0.016872 0.560912
vt 0.366644 0.530445
vt 0.360232 0.532266
vt 0.710798 0.867095
vt 0.710798 0.846584
vt 0.728132 0.862939
vt 0.729157 0.855828
vt 0.290838 0.58134
vt 0.283292 0.581426
vt 0.362696 0.540012
vt 0.372009 0.538288
vt 0.367147 0.548076
vt 0.372744 0.54704
vt 0.622639 0.870625
vt 0.629001 0.870471
vt 0.620026 0.880123
vt 0.629001 0.878978
vt 0.283826 0.572957
vt 0.291372 0.572871
vt 0.978899 0.243286
vt 0.978899 0.249233
vt 0.975411 0.248584
vt 0.975411 0.242637
vt 0.626034 0.887239
vt 0.620642 0.887927
vt 0.290834 0.56555
vt 0.2863 0.565601
vt 0.022855 0.552017
vt 0.018276 0.551934
vt 0.358079 0.816252
vt 0.376497 0.816252
vt 0.361004 0.833541
vt 0.371968 0.833541
vt 0.552472 0.114356
vt 0.536129 0.126247
vt 0.363989 0.413541
vt 0.348516 0.401344
vt 0.295394 0.727688
vt 0.273928 0.728166
vt 0.014726 0.716086
vt 0.027569 0.716433
vt 0.017742 0.7243
vt 0.023814 0.724464
vt 0.370029 0.403095
vt 0.361413 0.395937
vt 0.558614 0.130113
vt 0.549472 0.137116
vt 0.556857 0.141799
vt 0.561866 0.138399
vt 0.558294 0.144786
vt 0.563303 0.141386
vt 0.367983 0.841364
vt 0.362799 0.841364
vt 0.367973 0.39519
vt 0.372744 0.398695
vt 0.399825 0.235356
vt 0.41603 0.24876
vt 0.394818 0.266539
vt 0.414048 0.27132
vt 0.764232 0.637168
vt 0.782377 0.63228
vt 0.76486 0.660378
vt 0.782007 0.664255
vt 0.762038 0.61495
vt 0.777349 0.601458
vt 0.034533 0.783026
vt 0.008737 0.785146
vt 0.034533 0.7638
vt 0.014379 0.765328
vt 0.481656 0.812744
vt 0.455432 0.807795
vt 0.481167 0.785969
vt 0.455222 0.780615
vt 0.799589 0.482096
vt 0.827143 0.483121
vt 0.827642 0.502527
vt 0.800161 0.500935
vt 0.761314 0.685737
vt 0.7771 0.68998
vt 0.80902 0.010978
vt 0.835356 0.008737
vt 0.834137 0.038632
vt 0.8078 0.040873
vt 0.799627 0.461515
vt 0.827182 0.46254
vt 0.413132 0.294557
vt 0.39487 0.298544
vt 0.80874 0.06672
vt 0.835077 0.064479
vt 0.812642 0.089458
vt 0.835356 0.087525
vt 0.827642 0.437978
vt 0.800087 0.436952
vt 0.41663 0.31992
vt 0.39981 0.324265
vt 0.826463 0.414599
vt 0.802698 0.413715
vt 0.810446 0.39749
vt 0.818121 0.397588
vt 0.408476 0.345595
vt 0.424259 0.342164
vt 0.771161 0.71178
vt 0.756343 0.708444
vt 0.818274 0.387538
vt 0.810599 0.38744
vt 0.431637 0.358645
vt 0.426346 0.361014
vt 0.373709 0.640282
vt 0.373709 0.660174
vt 0.360624 0.647146
vt 0.35994 0.65423
vt 0.824279 0.108636
vt 0.831694 0.108176
vt 0.42832 0.369927
vt 0.436 0.367557
vt 0.433135 0.37801
vt 0.437749 0.376585
vt 0.90565 0.572
vt 0.911111 0.572672
vt 0.904416 0.581796
vt 0.912022 0.581755
vt 0.824527 0.117683
vt 0.831941 0.117224
vt 0.642741 0.973549
vt 0.642741 0.967716
vt 0.647124 0.968129
vt 0.647124 0.973962
vt 0.907452 0.590705
vt 0.912022 0.59068
vt 0.831362 0.126476
vt 0.826907 0.126752
vt 0.816776 0.378809
vt 0.812165 0.37875
vt 0.481656 0.75901
vt 0.461357 0.754961
vt 0.469313 0.738933
vt 0.481398 0.741343
vt 0.758251 0.595122
vt 0.769202 0.580448
vt 0.424553 0.228098
vt 0.413011 0.213483
vt 0.03245 0.749031
vt 0.020452 0.749941
vt 0.024636 0.742367
vt 0.030309 0.741937
vt 0.432867 0.212668
vt 0.426464 0.204084
vt 0.756343 0.580616
vt 0.76242 0.572
vt 0.235427 0.918239
vt 0.235442 0.912722
vt 0.241501 0.912513
vt 0.241486 0.91803
vt 0.231403 0.918348
vt 0.231403 0.907487
vt 0.480346 0.733174
vt 0.474632 0.732034
vt 0.434174 0.200814
vt 0.437749 0.205009
vt 0.048821 0.340378
vt 0.027057 0.329364
vt 0.054605 0.308584
vt 0.02974 0.306569
vt 0.163306 0.115961
vt 0.138801 0.117237
vt 0.162425 0.092744
vt 0.139257 0.085496
vt 0.166767 0.138529
vt 0.145182 0.14887
vt 0.619846 0.508604
vt 0.647456 0.509087
vt 0.622798 0.528777
vt 0.644389 0.529289
vt 0.717532 0.318581
vt 0.745148 0.318849
vt 0.717977 0.349047
vt 0.745603 0.348947
vt 0.619544 0.486278
vt 0.64717 0.486442
vt 0.167181 0.068214
vt 0.14585 0.060871
vt 0.717688 0.286729
vt 0.745303 0.286997
vt 0.619676 0.462965
vt 0.647303 0.463129
vt 0.030688 0.283266
vt 0.054215 0.276677
vt 0.745603 0.260865
vt 0.717988 0.260597
vt 0.720257 0.238359
vt 0.744075 0.23859
vt 0.647456 0.437556
vt 0.61983 0.437392
vt 0.025918 0.258477
vt 0.047581 0.251736
vt 0.6457 0.4148
vt 0.621873 0.414659
vt 0.629499 0.39717
vt 0.63717 0.39714
vt 0.037808 0.231633
vt 0.017475 0.237312
vt 0.155931 0.04048
vt 0.175954 0.046729
vt 0.636946 0.388035
vt 0.629276 0.388065
vt 0.015177 0.221591
vt 0.021737 0.218482
vt 0.179561 0.028329
vt 0.173143 0.025036
vt 0.736787 0.220935
vt 0.72913 0.220764
vt 0.019228 0.209871
vt 0.0097 0.213317
vt 0.014461 0.20243
vt 0.008737 0.2045
vt 0.184938 0.020263
vt 0.175615 0.016544
vt 0.737047 0.211845
vt 0.72939 0.211674
vt 0.979263 0.150108
vt 0.979263 0.155998
vt 0.974674 0.155878
vt 0.974674 0.149988
vt 0.186359 0.010971
vt 0.180757 0.008737
vt 0.731346 0.203042
vt 0.735947 0.203145
vt 0.630774 0.378767
vt 0.635383 0.37875
vt 0.714119 0.762357
vt 0.735691 0.762217
vt 0.731295 0.779399
vt 0.718453 0.779483
vt 0.175271 0.159205
vt 0.159778 0.171597
vt 0.018801 0.351069
vt 0.034404 0.363965
vt 0.710798 0.735478
vt 0.738388 0.735478
vt 0.627047 0.543786
vt 0.639901 0.54409
vt 0.630334 0.551142
vt 0.636412 0.551286
vt 0.012005 0.367469
vt 0.020688 0.375097
vt 0.182624 0.174298
vt 0.173998 0.181644
vt 0.630118 0.555438
vt 0.636196 0.555582
vt 0.181583 0.184956
vt 0.186359 0.181447
vt 0.727819 0.787093
vt 0.721747 0.787133
vt 0.01355 0.379333
vt 0.008737 0.375669
usemtl 
f 1227/3079/991 1228/3080/991 1229/3081/991
f 1228/3080/991 1230/3082/991 1229/3081/991
f 1231/3083/992 1232/3084/992 1233/3085/992
f 1232/3084/992 1234/3086/992 1233/3085/992
f 1232/3084/993 1231/3083/993 1235/3087/993
f 1232/3084/993 1235/3087/993 1236/3088/993
f 1235/3089/994 1228/3090/994 1237/3091/994
f 1228/3090/994 1238/3092/994 1237/3091/994
f 1229/3093/995 1232/3094/995 1236/3095/995
f 1229/3093/995 1236/3095/995 1227/3096/995
f 1231/3097/996 1230/3098/996 1235/3089/996
f 1230/3098/996 1228/3090/996 1235/3089/996
f 1233/3085/992 1234/3086/992 1239/3099/992
f 1234/3086/992 1240/3100/992 1239/3099/992
f 1232/3094/997 1229/3093/997 1241/3101/997
f 1232/3094/997 1241/3101/997 1234/3102/997
f 1230/3098/998 1231/3097/998 1233/3103/998
f 1230/3098/998 1233/3103/998 1242/3104/998
f 1229/3081/999 1230/3082/999 1242/3105/999
f 1229/3081/999 1242/3105/999 1241/3106/999
f 1240/3107/1000 1243/3108/1000 1244/3109/1000
f 1243/3108/1000 1245/3110/1000 1244/3109/1000
f 1234/3102/1001 1241/3101/1001 1240/3107/1001
f 1241/3101/1001 1243/3108/1001 1240/3107/1001
f 1242/3104/1002 1233/3103/1002 1239/3111/1002
f 1242/3104/1002 1239/3111/1002 1246/3112/1002
f 1241/3106/999 1242/3105/999 1246/3113/999
f 1241/3106/999 1246/3113/999 1243/3114/999
f 1247/3115/1003 1248/3116/1003 1249/3117/1003
f 1247/3115/1003 1249/3117/1003 1250/3118/1003
f 1246/3112/1004 1239/3111/1004 1248/3116/1004
f 1246/3112/1004 1248/3116/1004 1247/3115/1004
f 1243/3114/1005 1246/3113/1005 1245/3119/1005
f 1246/3113/1005 1247/3120/1005 1245/3119/1005
f 1239/3099/1006 1240/3100/1006 1244/3121/1006
f 1239/3099/1006 1244/3121/1006 1248/3122/1006
f 1250/3123/1007 1249/3124/1007 1251/3125/1007
f 1250/3123/1007 1251/3125/1007 1252/3126/1007
f 1245/3119/1008 1247/3120/1008 1250/3127/1008
f 1245/3119/1008 1250/3127/1008 1253/3128/1008
f 1248/3122/1009 1244/3121/1009 1249/3129/1009
f 1244/3121/1009 1254/3130/1009 1249/3129/1009
f 1244/3131/1010 1245/3132/1010 1254/3133/1010
f 1245/3132/1010 1253/3134/1010 1254/3133/1010
f 1255/3135/1011 1252/3136/1011 1256/3137/1011
f 1252/3136/1011 1257/3138/1011 1256/3137/1011
f 1253/3128/1012 1250/3127/1012 1252/3136/1012
f 1253/3128/1012 1252/3136/1012 1255/3135/1012
f 1249/3129/1013 1254/3130/1013 1251/3139/1013
f 1254/3130/1013 1258/3140/1013 1251/3139/1013
f 1254/3141/1014 1253/3142/1014 1258/3143/1014
f 1253/3142/1014 1255/3144/1014 1258/3143/1014
f 1256/3145/1015 1257/3146/1015 1259/3147/1015
f 1257/3146/1015 1260/3148/1015 1259/3147/1015
f 1251/3139/1016 1258/3140/1016 1259/3149/1016
f 1251/3139/1016 1259/3149/1016 1260/3150/1016
f 1258/3143/1017 1255/3144/1017 1259/3151/1017
f 1255/3144/1017 1256/3152/1017 1259/3151/1017
f 1252/3153/1018 1251/3154/1018 1260/3155/1018
f 1252/3153/1018 1260/3155/1018 1257/3156/1018
f 1261/3157/1019 1262/3158/1019 1263/3159/1019
f 1262/3158/1019 1264/3160/1019 1263/3159/1019
f 1236/3088/1020 1235/3087/1020 1237/3161/1020
f 1236/3088/1020 1237/3161/1020 1262/3162/1020
f 1228/3080/1021 1227/3079/1021 1238/3163/1021
f 1227/3079/1021 1261/3164/1021 1238/3163/1021
f 1227/3096/1022 1236/3095/1022 1262/3158/1022
f 1227/3096/1022 1262/3158/1022 1261/3157/1022
f 1265/3165/1023 1266/3166/1023 1267/3167/1023
f 1265/3165/1023 1267/3167/1023 1268/3168/1023
f 1238/3163/1024 1261/3164/1024 1266/3169/1024
f 1261/3164/1024 1263/3170/1024 1266/3169/1024
f 1237/3091/1025 1238/3092/1025 1265/3165/1025
f 1238/3092/1025 1266/3166/1025 1265/3165/1025
f 1262/3162/1026 1237/3161/1026 1265/3171/1026
f 1262/3162/1026 1265/3171/1026 1264/3172/1026
f 1269/3173/1027 1268/3174/1027 1267/3175/1027
f 1269/3173/1027 1267/3175/1027 1270/3176/1027
f 1264/3177/1028 1265/3178/1028 1269/3173/1028
f 1265/3178/1028 1268/3174/1028 1269/3173/1028
f 1263/3159/1029 1264/3160/1029 1270/3179/1029
f 1264/3160/1029 1269/3180/1029 1270/3179/1029
f 1266/3169/1030 1263/3170/1030 1270/3181/1030
f 1266/3169/1030 1270/3181/1030 1267/3182/1030
f 1271/3183/1031 1272/3184/1031 1273/3185/1031
f 1272/3184/1031 1274/3186/1031 1273/3185/1031
f 1275/3187/1032 1276/3188/1032 1277/3189/1032
f 1276/3188/1032 1278/3190/1032 1277/3189/1032
f 1276/3188/1033 1275/3187/1033 1279/3191/1033
f 1276/3188/1033 1279/3191/1033 1280/3192/1033
f 1279/3193/1034 1272/3194/1034 1281/3195/1034
f 1272/3194/1034 1282/3196/1034 1281/3195/1034
f 1273/3197/1035 1276/3198/1035 1271/3199/1035
f 1276/3198/1035 1280/3200/1035 1271/3199/1035
f 1275/3201/1036 1274/3202/1036 1272/3194/1036
f 1275/3201/1036 1272/3194/1036 1279/3193/1036
f 1277/3189/1032 1278/3190/1032 1283/3203/1032
f 1278/3190/1032 1284/3204/1032 1283/3203/1032
f 1276/3198/1037 1273/3197/1037 1278/3205/1037
f 1273/3197/1037 1285/3206/1037 1278/3205/1037
f 1274/3202/1038 1275/3201/1038 1277/3207/1038
f 1274/3202/1038 1277/3207/1038 1286/3208/1038
f 1273/3185/1039 1274/3186/1039 1286/3209/1039
f 1273/3185/1039 1286/3209/1039 1285/3210/1039
f 1284/3211/1040 1287/3212/1040 1288/3213/1040
f 1284/3211/1040 1288/3213/1040 1289/3214/1040
f 1278/3205/1041 1285/3206/1041 1287/3212/1041
f 1278/3205/1041 1287/3212/1041 1284/3211/1041
f 1286/3208/1042 1277/3207/1042 1283/3215/1042
f 1286/3208/1042 1283/3215/1042 1290/3216/1042
f 1285/3210/1039 1286/3209/1039 1290/3217/1039
f 1285/3210/1039 1290/3217/1039 1287/3218/1039
f 1291/3219/1043 1292/3220/1043 1293/3221/1043
f 1291/3219/1043 1293/3221/1043 1294/3222/1043
f 1290/3216/1044 1283/3215/1044 1291/3219/1044
f 1283/3215/1044 1292/3220/1044 1291/3219/1044
f 1287/3218/1045 1290/3217/1045 1288/3223/1045
f 1290/3217/1045 1291/3224/1045 1288/3223/1045
f 1283/3203/1046 1284/3204/1046 1289/3225/1046
f 1283/3203/1046 1289/3225/1046 1292/3226/1046
f 1294/3222/1047 1293/3221/1047 1295/3227/1047
f 1293/3221/1047 1296/3228/1047 1295/3227/1047
f 1288/3223/1048 1291/3224/1048 1294/3229/1048
f 1288/3223/1048 1294/3229/1048 1297/3230/1048
f 1292/3231/1049 1289/3232/1049 1293/3233/1049
f 1289/3232/1049 1298/3234/1049 1293/3233/1049
f 1289/3214/1050 1288/3213/1050 1298/3235/1050
f 1288/3213/1050 1297/3236/1050 1298/3235/1050
f 1299/3237/1051 1295/3238/1051 1300/3239/1051
f 1295/3238/1051 1301/3240/1051 1300/3239/1051
f 1297/3230/1052 1294/3229/1052 1295/3238/1052
f 1297/3230/1052 1295/3238/1052 1299/3237/1052
f 1293/3241/1053 1298/3242/1053 1296/3243/1053
f 1298/3242/1053 1302/3244/1053 1296/3243/1053
f 1298/3235/1054 1297/3236/1054 1302/3245/1054
f 1297/3236/1054 1299/3246/1054 1302/3245/1054
f 1300/3247/1055 1301/3248/1055 1303/3249/1055
f 1300/3247/1055 1303/3249/1055 1304/3250/1055
f 1296/3243/1056 1302/3244/1056 1303/3251/1056
f 1302/3244/1056 1304/3252/1056 1303/3251/1056
f 1302/3245/1057 1299/3246/1057 1300/3253/1057
f 1302/3245/1057 1300/3253/1057 1304/3254/1057
f 1295/3227/1058 1296/3228/1058 1303/3255/1058
f 1295/3227/1058 1303/3255/1058 1301/3256/1058
f 1305/3257/1059 1306/3258/1059 1307/3259/1059
f 1305/3257/1059 1307/3259/1059 1308/3260/1059
f 1280/3192/1060 1279/3191/1060 1281/3261/1060
f 1280/3192/1060 1281/3261/1060 1306/3262/1060
f 1272/3184/1061 1271/3183/1061 1282/3263/1061
f 1271/3183/1061 1305/3264/1061 1282/3263/1061
f 1271/3265/1062 1280/3266/1062 1306/3258/1062
f 1271/3265/1062 1306/3258/1062 1305/3257/1062
f 1309/3267/1063 1310/3268/1063 1311/3269/1063
f 1310/3268/1063 1312/3270/1063 1311/3269/1063
f 1282/3263/1064 1305/3264/1064 1310/3271/1064
f 1305/3264/1064 1308/3272/1064 1310/3271/1064
f 1281/3195/1065 1282/3196/1065 1310/3268/1065
f 1281/3195/1065 1310/3268/1065 1309/3267/1065
f 1306/3262/1066 1281/3261/1066 1309/3273/1066
f 1306/3262/1066 1309/3273/1066 1307/3274/1066
f 1313/3275/1067 1311/3269/1067 1314/3276/1067
f 1311/3269/1067 1312/3270/1067 1314/3276/1067
f 1307/3274/1068 1309/3273/1068 1313/3277/1068
f 1309/3273/1068 1311/3278/1068 1313/3277/1068
f 1308/3260/1069 1307/3259/1069 1314/3279/1069
f 1307/3259/1069 1313/3280/1069 1314/3279/1069
f 1310/3271/1070 1308/3272/1070 1314/3281/1070
f 1310/3271/1070 1314/3281/1070 1312/3282/1070
f 1315/3283/1071 1316/3284/1071 1317/3285/1071
f 1316/3284/1071 1318/3286/1071 1317/3285/1071
f 1319/3287/1072 1320/3288/1072 1321/3289/1072
f 1320/3288/1072 1322/3290/1072 1321/3289/1072
f 1320/3288/1073 1319/3287/1073 1323/3291/1073
f 1320/3288/1073 1323/3291/1073 1324/3292/1073
f 1323/3293/1074 1316/3294/1074 1325/3295/1074
f 1316/3294/1074 1326/3296/1074 1325/3295/1074
f 1317/3297/1075 1320/3298/1075 1315/3299/1075
f 1320/3298/1075 1324/3300/1075 1315/3299/1075
f 1319/3301/1076 1318/3302/1076 1316/3294/1076
f 1319/3301/1076 1316/3294/1076 1323/3293/1076
f 1321/3289/1072 1322/3290/1072 1327/3303/1072
f 1322/3290/1072 1328/3304/1072 1327/3303/1072
f 1320/3298/1077 1317/3297/1077 1322/3305/1077
f 1317/3297/1077 1329/3306/1077 1322/3305/1077
f 1318/3302/1078 1319/3301/1078 1321/3307/1078
f 1318/3302/1078 1321/3307/1078 1330/3308/1078
f 1317/3285/1079 1318/3286/1079 1330/3309/1079
f 1317/3285/1079 1330/3309/1079 1329/3310/1079
f 1328/3311/1080 1331/3312/1080 1332/3313/1080
f 1328/3311/1080 1332/3313/1080 1333/3314/1080
f 1322/3305/1081 1329/3306/1081 1328/3311/1081
f 1329/3306/1081 1331/3312/1081 1328/3311/1081
f 1330/3308/1082 1321/3307/1082 1327/3315/1082
f 1330/3308/1082 1327/3315/1082 1334/3316/1082
f 1329/3310/1079 1330/3309/1079 1334/3317/1079
f 1329/3310/1079 1334/3317/1079 1331/3318/1079
f 1335/3319/1083 1336/3320/1083 1337/3321/1083
f 1335/3319/1083 1337/3321/1083 1338/3322/1083
f 1334/3316/1084 1327/3315/1084 1335/3319/1084
f 1327/3315/1084 1336/3320/1084 1335/3319/1084
f 1331/3318/1085 1334/3317/1085 1332/3323/1085
f 1334/3317/1085 1335/3324/1085 1332/3323/1085
f 1327/3303/1086 1328/3304/1086 1333/3325/1086
f 1327/3303/1086 1333/3325/1086 1336/3326/1086
f 1338/3322/1087 1337/3321/1087 1339/3327/1087
f 1337/3321/1087 1340/3328/1087 1339/3327/1087
f 1332/3323/1088 1335/3324/1088 1338/3329/1088
f 1332/3323/1088 1338/3329/1088 1341/3330/1088
f 1336/3331/1089 1333/3332/1089 1337/3333/1089
f 1333/3332/1089 1342/3334/1089 1337/3333/1089
f 1333/3314/1090 1332/3313/1090 1342/3335/1090
f 1332/3313/1090 1341/3336/1090 1342/3335/1090
f 1343/3337/1091 1339/3338/1091 1344/3339/1091
f 1339/3338/1091 1345/3340/1091 1344/3339/1091
f 1341/3330/1092 1338/3329/1092 1339/3338/1092
f 1341/3330/1092 1339/3338/1092 1343/3337/1092
f 1337/3341/1093 1342/3342/1093 1340/3343/1093
f 1342/3342/1093 1346/3344/1093 1340/3343/1093
f 1342/3335/1094 1341/3336/1094 1343/3345/1094
f 1342/3335/1094 1343/3345/1094 1346/3346/1094
f 1344/3347/1095 1345/3348/1095 1347/3349/1095
f 1344/3347/1095 1347/3349/1095 1348/3350/1095
f 1340/3343/1096 1346/3344/1096 1348/3351/1096
f 1340/3343/1096 1348/3351/1096 1347/3352/1096
f 1346/3346/1097 1343/3345/1097 1348/3353/1097
f 1343/3345/1097 1344/3354/1097 1348/3353/1097
f 1339/3327/1098 1340/3328/1098 1345/3355/1098
f 1340/3328/1098 1347/3356/1098 1345/3355/1098
f 1349/3357/1099 1350/3358/1099 1351/3359/1099
f 1350/3358/1099 1352/3360/1099 1351/3359/1099
f 1324/3292/1100 1323/3291/1100 1325/3361/1100
f 1324/3292/1100 1325/3361/1100 1350/3362/1100
f 1316/3284/1101 1315/3283/1101 1326/3363/1101
f 1315/3283/1101 1349/3364/1101 1326/3363/1101
f 1315/3299/1102 1324/3300/1102 1350/3365/1102
f 1315/3299/1102 1350/3365/1102 1349/3366/1102
f 1353/3367/1103 1354/3368/1103 1355/3369/1103
f 1354/3368/1103 1356/3370/1103 1355/3369/1103
f 1326/3363/1104 1349/3364/1104 1354/3371/1104
f 1349/3364/1104 1351/3372/1104 1354/3371/1104
f 1325/3295/1105 1326/3296/1105 1354/3368/1105
f 1325/3295/1105 1354/3368/1105 1353/3367/1105
f 1350/3362/1106 1325/3361/1106 1353/3373/1106
f 1350/3362/1106 1353/3373/1106 1352/3374/1106
f 1357/3375/1107 1355/3376/1107 1358/3377/1107
f 1355/3376/1107 1356/3378/1107 1358/3377/1107
f 1352/3374/1108 1353/3373/1108 1357/3375/1108
f 1353/3373/1108 1355/3376/1108 1357/3375/1108
f 1351/3359/1109 1352/3360/1109 1357/3379/1109
f 1351/3359/1109 1357/3379/1109 1358/3380/1109
f 1354/3371/1110 1351/3372/1110 1358/3381/1110
f 1354/3371/1110 1358/3381/1110 1356/3382/1110
f 1359/3383/1111 1360/3384/1111 1361/3385/1111
f 1360/3384/1111 1362/3386/1111 1361/3385/1111
f 1363/3387/1112 1364/3388/1112 1365/3389/1112
f 1364/3388/1112 1366/3390/1112 1365/3389/1112
f 1364/3388/1113 1363/3387/1113 1367/3391/1113
f 1364/3388/1113 1367/3391/1113 1368/3392/1113
f 1367/3393/1114 1360/3394/1114 1369/3395/1114
f 1360/3394/1114 1370/3396/1114 1369/3395/1114
f 1361/3397/1115 1364/3398/1115 1359/3399/1115
f 1364/3398/1115 1368/3400/1115 1359/3399/1115
f 1363/3401/1116 1362/3402/1116 1360/3403/1116
f 1363/3401/1116 1360/3403/1116 1367/3404/1116
f 1365/3389/1112 1366/3390/1112 1371/3405/1112
f 1366/3390/1112 1372/3406/1112 1371/3405/1112
f 1364/3407/1117 1361/3408/1117 1373/3409/1117
f 1364/3407/1117 1373/3409/1117 1366/3410/1117
f 1362/3402/1118 1363/3401/1118 1365/3411/1118
f 1362/3402/1118 1365/3411/1118 1374/3412/1118
f 1361/3385/1119 1362/3386/1119 1374/3413/1119
f 1361/3385/1119 1374/3413/1119 1373/3414/1119
f 1372/3415/1120 1375/3416/1120 1376/3417/1120
f 1375/3416/1120 1377/3418/1120 1376/3417/1120
f 1366/3410/1121 1373/3409/1121 1375/3416/1121
f 1366/3410/1121 1375/3416/1121 1372/3415/1121
f 1374/3412/1122 1365/3411/1122 1378/3419/1122
f 1365/3411/1122 1371/3420/1122 1378/3419/1122
f 1373/3414/1119 1374/3413/1119 1378/3421/1119
f 1373/3414/1119 1378/3421/1119 1375/3422/1119
f 1379/3423/1123 1380/3424/1123 1381/3425/1123
f 1379/3423/1123 1381/3425/1123 1382/3426/1123
f 1378/3419/1124 1371/3420/1124 1379/3423/1124
f 1371/3420/1124 1380/3424/1124 1379/3423/1124
f 1375/3422/1125 1378/3421/1125 1377/3427/1125
f 1378/3421/1125 1379/3428/1125 1377/3427/1125
f 1371/3405/1126 1372/3406/1126 1376/3429/1126
f 1371/3405/1126 1376/3429/1126 1380/3430/1126
f 1382/3426/1127 1381/3425/1127 1383/3431/1127
f 1381/3425/1127 1384/3432/1127 1383/3431/1127
f 1377/3427/1128 1379/3428/1128 1382/3433/1128
f 1377/3427/1128 1382/3433/1128 1385/3434/1128
f 1380/3435/1129 1376/3436/1129 1381/3437/1129
f 1376/3436/1129 1386/3438/1129 1381/3437/1129
f 1376/3417/1130 1377/3418/1130 1386/3439/1130
f 1377/3418/1130 1385/3440/1130 1386/3439/1130
f 1387/3441/1131 1383/3442/1131 1388/3443/1131
f 1383/3442/1131 1389/3444/1131 1388/3443/1131
f 1385/3434/1132 1382/3433/1132 1383/3442/1132
f 1385/3434/1132 1383/3442/1132 1387/3441/1132
f 1381/3445/1133 1386/3446/1133 1384/3447/1133
f 1386/3446/1133 1390/3448/1133 1384/3447/1133
f 1386/3439/1134 1385/3440/1134 1390/3449/1134
f 1385/3440/1134 1387/3450/1134 1390/3449/1134
f 1388/3451/1135 1389/3452/1135 1391/3453/1135
f 1388/3451/1135 1391/3453/1135 1392/3454/1135
f 1384/3447/1136 1390/3448/1136 1391/3455/1136
f 1390/3448/1136 1392/3456/1136 1391/3455/1136
f 1390/3449/1137 1387/3450/1137 1388/3457/1137
f 1390/3449/1137 1388/3457/1137 1392/3458/1137
f 1383/3431/1138 1384/3432/1138 1389/3459/1138
f 1384/3432/1138 1391/3460/1138 1389/3459/1138
f 1393/3461/1139 1394/3462/1139 1395/3463/1139
f 1393/3461/1139 1395/3463/1139 1396/3464/1139
f 1368/3392/1140 1367/3391/1140 1369/3465/1140
f 1368/3392/1140 1369/3465/1140 1394/3466/1140
f 1360/3384/1141 1359/3383/1141 1370/3467/1141
f 1359/3383/1141 1393/3468/1141 1370/3467/1141
f 1359/3399/1142 1368/3400/1142 1394/3462/1142
f 1359/3399/1142 1394/3462/1142 1393/3461/1142
f 1397/3469/1143 1398/3470/1143 1399/3471/1143
f 1397/3469/1143 1399/3471/1143 1400/3472/1143
f 1370/3467/1144 1393/3468/1144 1398/3473/1144
f 1393/3468/1144 1396/3474/1144 1398/3473/1144
f 1369/3395/1145 1370/3396/1145 1398/3470/1145
f 1369/3395/1145 1398/3470/1145 1397/3469/1145
f 1394/3466/1146 1369/3465/1146 1397/3475/1146
f 1394/3466/1146 1397/3475/1146 1395/3476/1146
f 1401/3477/1147 1400/3478/1147 1399/3479/1147
f 1401/3477/1147 1399/3479/1147 1402/3480/1147
f 1395/3481/1148 1397/3482/1148 1401/3477/1148
f 1397/3482/1148 1400/3478/1148 1401/3477/1148
f 1396/3464/1149 1395/3463/1149 1402/3483/1149
f 1395/3463/1149 1401/3484/1149 1402/3483/1149
f 1398/3473/1150 1396/3474/1150 1402/3485/1150
f 1398/3473/1150 1402/3485/1150 1399/3486/1150
f 1403/3487/1151 1404/3488/1151 1405/3489/1151
f 1404/3488/1151 1406/3490/1151 1405/3489/1151
f 1407/3491/1152 1408/3492/1152 1409/3493/1152
f 1408/3492/1152 1410/3494/1152 1409/3493/1152
f 1408/3492/1153 1407/3491/1153 1411/3495/1153
f 1408/3492/1153 1411/3495/1153 1412/3496/1153
f 1411/3497/1154 1404/3498/1154 1413/3499/1154
f 1404/3498/1154 1414/3500/1154 1413/3499/1154
f 1405/3501/1155 1408/3502/1155 1403/3503/1155
f 1408/3502/1155 1412/3504/1155 1403/3503/1155
f 1407/3505/1156 1406/3506/1156 1404/3498/1156
f 1407/3505/1156 1404/3498/1156 1411/3497/1156
f 1409/3493/1152 1410/3494/1152 1415/3507/1152
f 1410/3494/1152 1416/3508/1152 1415/3507/1152
f 1408/3502/1157 1405/3501/1157 1417/3509/1157
f 1408/3502/1157 1417/3509/1157 1410/3510/1157
f 1406/3506/1158 1407/3505/1158 1409/3511/1158
f 1406/3506/1158 1409/3511/1158 1418/3512/1158
f 1405/3489/1159 1406/3490/1159 1418/3513/1159
f 1405/3489/1159 1418/3513/1159 1417/3514/1159
f 1416/3515/1160 1419/3516/1160 1420/3517/1160
f 1416/3515/1160 1420/3517/1160 1421/3518/1160
f 1410/3510/1161 1417/3509/1161 1419/3516/1161
f 1410/3510/1161 1419/3516/1161 1416/3515/1161
f 1418/3512/1162 1409/3511/1162 1422/3519/1162
f 1409/3511/1162 1415/3520/1162 1422/3519/1162
f 1417/3514/1159 1418/3513/1159 1422/3521/1159
f 1417/3514/1159 1422/3521/1159 1419/3522/1159
f 1423/3523/1163 1424/3524/1163 1425/3525/1163
f 1423/3523/1163 1425/3525/1163 1426/3526/1163
f 1422/3519/1164 1415/3520/1164 1423/3523/1164
f 1415/3520/1164 1424/3524/1164 1423/3523/1164
f 1419/3522/1165 1422/3521/1165 1420/3527/1165
f 1422/3521/1165 1423/3528/1165 1420/3527/1165
f 1415/3507/1166 1416/3508/1166 1421/3529/1166
f 1415/3507/1166 1421/3529/1166 1424/3530/1166
f 1426/3526/1167 1425/3525/1167 1427/3531/1167
f 1425/3525/1167 1428/3532/1167 1427/3531/1167
f 1420/3527/1168 1423/3528/1168 1426/3533/1168
f 1420/3527/1168 1426/3533/1168 1429/3534/1168
f 1424/3530/1169 1421/3529/1169 1425/3535/1169
f 1421/3529/1169 1430/3536/1169 1425/3535/1169
f 1421/3518/1170 1420/3517/1170 1430/3537/1170
f 1420/3517/1170 1429/3538/1170 1430/3537/1170
f 1431/3539/1171 1427/3540/1171 1432/3541/1171
f 1427/3540/1171 1433/3542/1171 1432/3541/1171
f 1429/3534/1172 1426/3533/1172 1427/3540/1172
f 1429/3534/1172 1427/3540/1172 1431/3539/1172
f 1425/3535/1173 1430/3536/1173 1428/3543/1173
f 1430/3536/1173 1434/3544/1173 1428/3543/1173
f 1430/3537/1174 1429/3538/1174 1434/3545/1174
f 1429/3538/1174 1431/3546/1174 1434/3545/1174
f 1432/3547/1175 1433/3548/1175 1435/3549/1175
f 1432/3547/1175 1435/3549/1175 1436/3550/1175
f 1428/3543/1176 1434/3544/1176 1435/3551/1176
f 1434/3544/1176 1436/3552/1176 1435/3551/1176
f 1434/3545/1177 1431/3546/1177 1432/3553/1177
f 1434/3545/1177 1432/3553/1177 1436/3554/1177
f 1427/3531/1178 1428/3532/1178 1435/3555/1178
f 1427/3531/1178 1435/3555/1178 1433/3556/1178
f 1437/3557/1179 1438/3558/1179 1439/3559/1179
f 1437/3557/1179 1439/3559/1179 1440/3560/1179
f 1412/3496/1180 1411/3495/1180 1413/3561/1180
f 1412/3496/1180 1413/3561/1180 1438/3562/1180
f 1404/3488/1181 1403/3487/1181 1414/3563/1181
f 1403/3487/1181 1437/3564/1181 1414/3563/1181
f 1403/3565/1182 1412/3566/1182 1438/3558/1182
f 1403/3565/1182 1438/3558/1182 1437/3557/1182
f 1441/3567/1183 1442/3568/1183 1443/3569/1183
f 1442/3568/1183 1444/3570/1183 1443/3569/1183
f 1414/3563/1184 1437/3564/1184 1442/3571/1184
f 1437/3564/1184 1440/3572/1184 1442/3571/1184
f 1413/3499/1185 1414/3500/1185 1441/3567/1185
f 1414/3500/1185 1442/3568/1185 1441/3567/1185
f 1438/3562/1186 1413/3561/1186 1441/3573/1186
f 1438/3562/1186 1441/3573/1186 1439/3574/1186
f 1445/3575/1187 1443/3569/1187 1446/3576/1187
f 1443/3569/1187 1444/3570/1187 1446/3576/1187
f 1439/3574/1188 1441/3573/1188 1445/3577/1188
f 1441/3573/1188 1443/3578/1188 1445/3577/1188
f 1440/3560/1189 1439/3559/1189 1445/3579/1189
f 1440/3560/1189 1445/3579/1189 1446/3580/1189
f 1442/3571/1190 1440/3572/1190 1446/3581/1190
f 1442/3571/1190 1446/3581/1190 1444/3582/1190
s off
